timestamp,source,src_ip,dst_ip,protocol,risk_level,risk_score,attack_type,nslkdd_rf,nslkdd_if,cicids_rf,cicids_if,nslkdd_anom_score,cicids_anom_score
2026-03-25 17:12:10,live,,,0,Medium,46.0,Attack — Unclassified,1,1,0,0,-0.5278555477292141,-0.32904210741509976
2026-03-25 17:12:10,random,,,0,Medium,46.0,Attack — Unclassified,1,1,0,0,-0.5278555477292141,-0.32904210741509976
2026-03-25 17:12:11,live,,,0,Medium,46.0,Attack — Unclassified,1,1,0,0,-0.5278555477292141,-0.32904210741509976
2026-03-25 17:12:11,live,,,0,Medium,46.0,Attack — Unclassified,1,1,0,0,-0.5278555477292141,-0.32904210741509976
2026-03-25 17:12:12,live,,,0,Medium,46.0,Attack — Unclassified,1,1,0,0,-0.5278555477292141,-0.32904210741509976
2026-03-25 17:12:12,live,,,0,Medium,46.0,Attack — Unclassified,1,1,0,0,-0.5278555477292141,-0.32904210741509976
2026-03-25 17:12:13,live,,,0,Medium,46.0,Attack — Unclassified,1,1,0,0,-0.5278555477292141,-0.32904210741509976
2026-03-25 17:12:14,live,,,0,Medium,46.0,Attack — Unclassified,1,1,0,0,-0.5278555477292141,-0.32904210741509976
2026-03-25 17:12:15,live,,,0,Medium,46.0,Attack — Unclassified,1,1,0,0,-0.5278555477292141,-0.32904210741509976
2026-03-25 17:12:16,live,,,0,Medium,46.0,Attack — Unclassified,1,1,0,0,-0.5278555477292141,-0.32904210741509976
2026-03-25 17:12:17,live,,,0,Medium,46.0,Attack — Unclassified,1,1,0,0,-0.5278555477292141,-0.32904210741509976
2026-03-25 17:12:18,live,,,0,Medium,46.0,Attack — Unclassified,1,1,0,0,-0.5278555477292141,-0.32904210741509976
2026-03-25 17:12:19,live,,,0,Medium,46.0,Attack — Unclassified,1,1,0,0,-0.5278555477292141,-0.32904210741509976
2026-03-25 17:12:20,live,,,0,Medium,46.0,Attack — Unclassified,1,1,0,0,-0.5278555477292141,-0.32904210741509976
2026-03-25 17:12:22,live,,,0,Medium,46.0,Attack — Unclassified,1,1,0,0,-0.5278555477292141,-0.32904210741509976
2026-03-25 17:12:23,live,,,0,Medium,46.0,Attack — Unclassified,1,1,0,0,-0.5278555477292141,-0.32904210741509976
2026-03-25 17:12:25,live,,,0,Medium,46.0,Attack — Unclassified,1,1,0,0,-0.5278555477292141,-0.32904210741509976
2026-03-25 17:12:27,live,,,0,Medium,46.0,Attack — Unclassified,1,1,0,0,-0.5278555477292141,-0.32904210741509976
2026-03-25 17:12:30,live,,,0,Medium,46.0,Attack — Unclassified,1,1,0,0,-0.5278555477292141,-0.32904210741509976
2026-03-25 17:12:32,live,,,0,Medium,46.0,Attack — Unclassified,1,1,0,0,-0.5278555477292141,-0.32904210741509976
2026-03-25 17:12:33,live,,,0,Medium,46.0,Attack — Unclassified,1,1,0,0,-0.5278555477292141,-0.32904210741509976
2026-03-25 17:12:33,live,,,0,Medium,46.0,Attack — Unclassified,1,1,0,0,-0.5278555477292141,-0.32904210741509976
2026-03-25 17:12:34,live,,,0,Medium,46.0,Attack — Unclassified,1,1,0,0,-0.5278555477292141,-0.32904210741509976
2026-03-25 17:12:34,live,,,0,Medium,46.0,Attack — Unclassified,1,1,0,0,-0.5278555477292141,-0.32904210741509976
2026-03-25 17:12:34,live,,,0,Medium,46.0,Attack — Unclassified,1,1,0,0,-0.5278555477292141,-0.32904210741509976
2026-03-25 17:12:35,live,,,0,Medium,46.0,Attack — Unclassified,1,1,0,0,-0.5278555477292141,-0.32904210741509976
2026-03-25 17:12:35,live,,,0,Medium,46.0,Attack — Unclassified,1,1,0,0,-0.5278555477292141,-0.32904210741509976
2026-03-25 17:12:36,live,,,0,Medium,46.0,Attack — Unclassified,1,1,0,0,-0.5278555477292141,-0.32904210741509976
2026-03-25 17:12:36,live,,,0,Medium,46.0,Attack — Unclassified,1,1,0,0,-0.5278555477292141,-0.32904210741509976
2026-03-25 17:12:37,live,,,0,Medium,46.0,Attack — Unclassified,1,1,0,0,-0.5278555477292141,-0.32904210741509976
2026-03-25 17:12:37,live,,,0,Medium,46.0,Attack — Unclassified,1,1,0,0,-0.5278555477292141,-0.32904210741509976
2026-03-25 17:12:38,live,,,0,Medium,46.0,Attack — Unclassified,1,1,0,0,-0.5278555477292141,-0.32904210741509976
2026-03-25 17:12:39,live,,,0,Medium,46.0,Attack — Unclassified,1,1,0,0,-0.5278555477292141,-0.32904210741509976
2026-03-25 17:12:40,live,,,0,Medium,46.0,Attack — Unclassified,1,1,0,0,-0.5278555477292141,-0.32904210741509976
2026-03-25 17:12:41,live,,,0,Medium,46.0,Attack — Unclassified,1,1,0,0,-0.5278555477292141,-0.32904210741509976
2026-03-25 17:12:42,live,,,0,Medium,46.0,Attack — Unclassified,1,1,0,0,-0.5278555477292141,-0.32904210741509976
2026-03-25 17:12:43,live,,,0,Medium,46.0,Attack — Unclassified,1,1,0,0,-0.5278555477292141,-0.32904210741509976
2026-03-25 17:12:44,live,,,0,Medium,46.0,Attack — Unclassified,1,1,0,0,-0.5278555477292141,-0.32904210741509976
2026-03-25 17:12:45,live,,,0,Medium,46.0,Attack — Unclassified,1,1,0,0,-0.5278555477292141,-0.32904210741509976
2026-03-25 17:12:46,live,,,0,Medium,46.0,Attack — Unclassified,1,1,0,0,-0.5278555477292141,-0.32904210741509976
2026-03-25 17:12:47,live,,,0,Medium,46.0,Attack — Unclassified,1,1,0,0,-0.5278555477292141,-0.32904210741509976
2026-03-25 17:12:48,live,,,0,Medium,46.0,Attack — Unclassified,1,1,0,0,-0.5278555477292141,-0.32904210741509976
2026-03-25 17:12:49,live,,,0,Medium,46.0,Attack — Unclassified,1,1,0,0,-0.5278555477292141,-0.32904210741509976
2026-03-25 17:12:50,live,,,0,Medium,46.0,Attack — Unclassified,1,1,0,0,-0.5278555477292141,-0.32904210741509976
2026-03-25 17:12:51,live,,,0,Medium,46.0,Attack — Unclassified,1,1,0,0,-0.5278555477292141,-0.32904210741509976
2026-03-25 17:12:52,live,,,0,Medium,46.0,Attack — Unclassified,1,1,0,0,-0.5278555477292141,-0.32904210741509976
2026-03-25 17:12:53,live,,,0,Medium,46.0,Attack — Unclassified,1,1,0,0,-0.5278555477292141,-0.32904210741509976
2026-03-25 17:12:54,live,,,0,Medium,46.0,Attack — Unclassified,1,1,0,0,-0.5278555477292141,-0.32904210741509976
2026-03-25 17:12:55,live,,,0,Medium,46.0,Attack — Unclassified,1,1,0,0,-0.5278555477292141,-0.32904210741509976
2026-03-25 17:12:56,live,,,0,Medium,46.0,Attack — Unclassified,1,1,0,0,-0.5278555477292141,-0.32904210741509976
2026-03-25 17:12:57,live,,,0,Medium,46.0,Attack — Unclassified,1,1,0,0,-0.5278555477292141,-0.32904210741509976
2026-03-25 17:12:58,live,,,0,Medium,46.0,Attack — Unclassified,1,1,0,0,-0.5278555477292141,-0.32904210741509976
2026-03-25 17:12:59,live,,,0,Medium,46.0,Attack — Unclassified,1,1,0,0,-0.5278555477292141,-0.32904210741509976
2026-03-25 17:13:00,live,,,0,Medium,46.0,Attack — Unclassified,1,1,0,0,-0.5278555477292141,-0.32904210741509976
2026-03-25 17:13:01,live,,,0,Medium,46.0,Attack — Unclassified,1,1,0,0,-0.5278555477292141,-0.32904210741509976
2026-03-25 17:13:02,live,,,0,Medium,46.0,Attack — Unclassified,1,1,0,0,-0.5278555477292141,-0.32904210741509976
2026-03-25 17:13:03,live,,,0,Medium,46.0,Attack — Unclassified,1,1,0,0,-0.5278555477292141,-0.32904210741509976
2026-03-25 17:13:04,live,,,0,Medium,46.0,Attack — Unclassified,1,1,0,0,-0.5278555477292141,-0.32904210741509976
2026-03-25 17:13:05,live,,,0,Medium,46.0,Attack — Unclassified,1,1,0,0,-0.5278555477292141,-0.32904210741509976
2026-03-25 17:13:06,live,,,0,Medium,46.0,Attack — Unclassified,1,1,0,0,-0.5278555477292141,-0.32904210741509976
2026-03-25 17:13:07,live,,,0,Medium,46.0,Attack — Unclassified,1,1,0,0,-0.5278555477292141,-0.32904210741509976
2026-03-25 17:13:08,live,,,0,Medium,46.0,Attack — Unclassified,1,1,0,0,-0.5278555477292141,-0.32904210741509976
2026-03-25 17:13:09,live,,,0,Medium,46.0,Attack — Unclassified,1,1,0,0,-0.5278555477292141,-0.32904210741509976
2026-03-25 17:13:10,live,,,0,Medium,46.0,Attack — Unclassified,1,1,0,0,-0.5278555477292141,-0.32904210741509976
2026-03-25 17:13:11,live,,,0,Medium,46.0,Attack — Unclassified,1,1,0,0,-0.5278555477292141,-0.32904210741509976
2026-03-25 17:13:12,live,,,0,Medium,46.0,Attack — Unclassified,1,1,0,0,-0.5278555477292141,-0.32904210741509976
2026-03-25 17:13:13,live,,,0,Medium,46.0,Attack — Unclassified,1,1,0,0,-0.5278555477292141,-0.32904210741509976
2026-03-25 17:13:15,live,,,0,Medium,46.0,Attack — Unclassified,1,1,0,0,-0.5278555477292141,-0.32904210741509976
2026-03-25 17:13:16,live,,,0,Medium,46.0,Attack — Unclassified,1,1,0,0,-0.5278555477292141,-0.32904210741509976
2026-03-25 17:13:16,live,,,0,Medium,46.0,Attack — Unclassified,1,1,0,0,-0.5278555477292141,-0.32904210741509976
2026-03-25 17:13:17,live,,,0,Medium,46.0,Attack — Unclassified,1,1,0,0,-0.5278555477292141,-0.32904210741509976
2026-03-25 17:13:18,live,,,0,Medium,46.0,Attack — Unclassified,1,1,0,0,-0.5278555477292141,-0.32904210741509976
2026-03-25 17:13:19,live,,,0,Medium,46.0,Attack — Unclassified,1,1,0,0,-0.5278555477292141,-0.32904210741509976
2026-03-25 17:13:20,live,,,0,Medium,46.0,Attack — Unclassified,1,1,0,0,-0.5278555477292141,-0.32904210741509976
2026-03-25 17:13:21,live,,,0,Medium,46.0,Attack — Unclassified,1,1,0,0,-0.5278555477292141,-0.32904210741509976
2026-03-25 17:13:22,live,,,0,Medium,46.0,Attack — Unclassified,1,1,0,0,-0.5278555477292141,-0.32904210741509976
2026-03-25 17:13:23,live,,,0,Medium,46.0,Attack — Unclassified,1,1,0,0,-0.5278555477292141,-0.32904210741509976
2026-03-25 17:13:24,live,,,0,Medium,46.0,Attack — Unclassified,1,1,0,0,-0.5278555477292141,-0.32904210741509976
2026-03-25 17:13:25,live,,,0,Medium,46.0,Attack — Unclassified,1,1,0,0,-0.5278555477292141,-0.32904210741509976
2026-03-25 17:13:26,live,,,0,Medium,46.0,Attack — Unclassified,1,1,0,0,-0.5278555477292141,-0.32904210741509976
2026-03-25 17:13:27,live,,,0,Medium,46.0,Attack — Unclassified,1,1,0,0,-0.5278555477292141,-0.32904210741509976
2026-03-25 17:13:28,live,,,0,Medium,46.0,Attack — Unclassified,1,1,0,0,-0.5278555477292141,-0.32904210741509976
2026-03-25 17:13:39,live,,,0,Medium,46.0,Attack — Unclassified,1,1,0,0,-0.5278555477292141,-0.32904210741509976
2026-03-25 17:13:40,live,,,0,Medium,46.0,Attack — Unclassified,1,1,0,0,-0.5278555477292141,-0.32904210741509976
2026-03-25 17:13:41,live,,,0,Medium,46.0,Attack — Unclassified,1,1,0,0,-0.5278555477292141,-0.32904210741509976
2026-03-25 17:13:42,live,,,0,Medium,46.0,Attack — Unclassified,1,1,0,0,-0.5278555477292141,-0.32904210741509976
2026-03-25 17:14:13,live,,,0,Medium,46.0,Attack — Unclassified,1,1,0,0,-0.5278555477292141,-0.32904210741509976
2026-03-25 17:14:14,live,,,0,Medium,46.0,Attack — Unclassified,1,1,0,0,-0.5278555477292141,-0.32904210741509976
2026-03-25 17:14:15,live,,,0,Medium,46.0,Attack — Unclassified,1,1,0,0,-0.5278555477292141,-0.32904210741509976
2026-03-25 17:14:16,live,,,0,Medium,46.0,Attack — Unclassified,1,1,0,0,-0.5278555477292141,-0.32904210741509976
2026-03-25 17:14:17,live,,,0,Medium,46.0,Attack — Unclassified,1,1,0,0,-0.5278555477292141,-0.32904210741509976
2026-03-25 17:14:18,live,,,0,Medium,46.0,Attack — Unclassified,1,1,0,0,-0.5278555477292141,-0.32904210741509976
2026-03-25 17:15:36,live,,,tcp,High,62.5,DoS — SYN Flood (Neptune),1,1,0,1,-0.7106083706238451,-0.6038077985504102
2026-03-25 17:20:21,live,,,tcp,High,62.5,DoS — SYN Flood (Neptune),1,1,0,1,-0.7106083706238451,-0.6038077985504102
2026-03-25 17:20:22,live,,,tcp,High,62.5,DoS — SYN Flood (Neptune),1,1,0,1,-0.7106083706238451,-0.6038077985504102
2026-03-25 17:20:23,live,,,tcp,High,62.5,DoS — SYN Flood (Neptune),1,1,0,1,-0.7106083706238451,-0.6038077985504102
2026-03-25 17:20:24,live,,,tcp,High,62.5,DoS — SYN Flood (Neptune),1,1,0,1,-0.7106083706238451,-0.6038077985504102
2026-03-25 17:20:26,live,,,tcp,High,62.5,DoS — SYN Flood (Neptune),1,1,0,1,-0.7106083706238451,-0.6038077985504102
2026-03-25 17:20:27,live,,,tcp,High,62.5,DoS — SYN Flood (Neptune),1,1,0,1,-0.7106083706238451,-0.6038077985504102
2026-03-25 17:20:28,live,,,tcp,High,62.5,DoS — SYN Flood (Neptune),1,1,0,1,-0.7106083706238451,-0.6038077985504102
2026-03-25 17:20:29,live,,,tcp,High,62.5,DoS — SYN Flood (Neptune),1,1,0,1,-0.7106083706238451,-0.6038077985504102
2026-03-25 17:20:30,live,,,tcp,High,62.5,DoS — SYN Flood (Neptune),1,1,0,1,-0.7106083706238451,-0.6038077985504102
2026-03-25 17:20:31,live,,,tcp,High,62.5,DoS — SYN Flood (Neptune),1,1,0,1,-0.7106083706238451,-0.6038077985504102
2026-03-25 17:20:32,live,,,tcp,High,62.5,DoS — SYN Flood (Neptune),1,1,0,1,-0.7106083706238451,-0.6038077985504102
2026-03-25 17:20:33,live,,,tcp,High,62.5,DoS — SYN Flood (Neptune),1,1,0,1,-0.7106083706238451,-0.6038077985504102
2026-03-25 17:20:34,live,,,tcp,High,62.5,DoS — SYN Flood (Neptune),1,1,0,1,-0.7106083706238451,-0.6038077985504102
2026-03-25 17:21:47,live,,,1,High,52.6,DoS — UDP/Null Flood,1,1,0,0,-0.6101918715903607,-0.32904210741509976
2026-03-25 17:21:47,random,,,1,High,52.6,DoS — UDP/Null Flood,1,1,0,0,-0.6101918715903607,-0.32904210741509976
2026-03-25 17:21:48,live,,,1,High,52.6,DoS — UDP/Null Flood,1,1,0,0,-0.6101918715903607,-0.32904210741509976
2026-03-25 17:21:48,live,,,1,High,52.6,DoS — UDP/Null Flood,1,1,0,0,-0.6101918715903607,-0.32904210741509976
2026-03-25 17:21:49,live,,,1,High,52.6,DoS — UDP/Null Flood,1,1,0,0,-0.6101918715903607,-0.32904210741509976
2026-03-25 17:21:50,live,,,1,High,52.6,DoS — UDP/Null Flood,1,1,0,0,-0.6101918715903607,-0.32904210741509976
2026-03-25 17:21:50,live,,,1,High,52.6,DoS — UDP/Null Flood,1,1,0,0,-0.6101918715903607,-0.32904210741509976
2026-03-25 17:21:51,live,,,1,High,52.6,DoS — UDP/Null Flood,1,1,0,0,-0.6101918715903607,-0.32904210741509976
2026-03-25 17:21:53,live,,,1,High,52.6,DoS — UDP/Null Flood,1,1,0,0,-0.6101918715903607,-0.32904210741509976
2026-03-25 17:21:53,live,,,1,High,52.6,DoS — UDP/Null Flood,1,1,0,0,-0.6101918715903607,-0.32904210741509976
2026-03-25 17:21:55,live,,,1,High,52.6,DoS — UDP/Null Flood,1,1,0,0,-0.6101918715903607,-0.32904210741509976
2026-03-25 17:21:56,live,,,1,High,52.6,DoS — UDP/Null Flood,1,1,0,0,-0.6101918715903607,-0.32904210741509976
2026-03-25 17:21:57,live,,,1,High,52.6,DoS — UDP/Null Flood,1,1,0,0,-0.6101918715903607,-0.32904210741509976
2026-03-25 17:21:58,live,,,1,High,52.6,DoS — UDP/Null Flood,1,1,0,0,-0.6101918715903607,-0.32904210741509976
2026-03-25 17:21:58,live,,,1,High,52.6,DoS — UDP/Null Flood,1,1,0,0,-0.6101918715903607,-0.32904210741509976
2026-03-25 17:33:00,live,,,1,Medium,29.6,Normal,0,0,0,0,-0.4687563515213785,-0.32904210741509976
2026-03-25 17:33:00,random,,,1,Medium,29.6,Normal,0,0,0,0,-0.4687563515213785,-0.32904210741509976
2026-03-25 17:33:01,live,,,1,Medium,29.6,Normal,0,0,0,0,-0.4687563515213785,-0.32904210741509976
2026-03-25 17:33:01,live,,,1,Medium,29.6,Normal,0,0,0,0,-0.4687563515213785,-0.32904210741509976
2026-03-25 17:33:02,live,,,1,Medium,29.6,Normal,0,0,0,0,-0.4687563515213785,-0.32904210741509976
2026-03-25 17:33:02,live,,,1,Medium,29.6,Normal,0,0,0,0,-0.4687563515213785,-0.32904210741509976
2026-03-25 17:33:03,live,,,1,Medium,29.6,Normal,0,0,0,0,-0.4687563515213785,-0.32904210741509976
2026-03-25 17:33:04,live,,,1,Medium,29.6,Normal,0,0,0,0,-0.4687563515213785,-0.32904210741509976
2026-03-25 17:33:06,live,,,1,Medium,29.6,Normal,0,0,0,0,-0.4687563515213785,-0.32904210741509976
2026-03-25 17:33:07,live,,,1,Medium,29.6,Normal,0,0,0,0,-0.4687563515213785,-0.32904210741509976
2026-03-25 17:33:08,live,,,1,Medium,29.6,Normal,0,0,0,0,-0.4687563515213785,-0.32904210741509976
2026-03-25 17:33:09,live,,,1,Medium,29.6,Normal,0,0,0,0,-0.4687563515213785,-0.32904210741509976
2026-03-25 17:33:10,live,,,1,Medium,29.6,Normal,0,0,0,0,-0.4687563515213785,-0.32904210741509976
2026-03-25 17:33:16,live,,,1,Medium,29.6,Normal,0,0,0,0,-0.4687563515213785,-0.32904210741509976
2026-03-25 17:33:18,live,,,1,Medium,29.6,Normal,0,0,0,0,-0.4687563515213785,-0.32904210741509976
2026-03-25 17:33:19,live,,,1,Medium,29.6,Normal,0,0,0,0,-0.4687563515213785,-0.32904210741509976
2026-03-25 17:33:20,live,,,1,Medium,29.6,Normal,0,0,0,0,-0.4687563515213785,-0.32904210741509976
2026-03-25 17:33:21,live,,,1,Medium,29.6,Normal,0,0,0,0,-0.4687563515213785,-0.32904210741509976
2026-03-25 17:33:23,live,,,1,Medium,29.6,Normal,0,0,0,0,-0.4687563515213785,-0.32904210741509976
2026-03-25 17:33:23,live,,,1,Medium,29.6,Normal,0,0,0,0,-0.4687563515213785,-0.32904210741509976
2026-03-25 17:33:24,live,,,1,Medium,29.6,Normal,0,0,0,0,-0.4687563515213785,-0.32904210741509976
2026-03-25 17:33:24,live,,,1,Medium,29.6,Normal,0,0,0,0,-0.4687563515213785,-0.32904210741509976
2026-03-25 17:33:24,live,,,1,Medium,29.6,Normal,0,0,0,0,-0.4687563515213785,-0.32904210741509976
2026-03-25 17:33:25,live,,,1,Medium,29.6,Normal,0,0,0,0,-0.4687563515213785,-0.32904210741509976
2026-03-25 17:33:26,live,,,1,Medium,29.6,Normal,0,0,0,0,-0.4687563515213785,-0.32904210741509976
2026-03-25 17:33:26,live,,,1,Medium,29.6,Normal,0,0,0,0,-0.4687563515213785,-0.32904210741509976
2026-03-25 17:33:27,live,,,1,Medium,29.6,Normal,0,0,0,0,-0.4687563515213785,-0.32904210741509976
2026-03-25 17:33:27,live,,,1,Medium,29.6,Normal,0,0,0,0,-0.4687563515213785,-0.32904210741509976
2026-03-25 17:33:28,live,,,1,Medium,29.6,Normal,0,0,0,0,-0.4687563515213785,-0.32904210741509976
2026-03-25 17:33:28,live,,,1,Medium,29.6,Normal,0,0,0,0,-0.4687563515213785,-0.32904210741509976
2026-03-25 17:33:29,live,,,1,Medium,29.6,Normal,0,0,0,0,-0.4687563515213785,-0.32904210741509976
2026-03-25 17:33:29,live,,,1,Medium,29.6,Normal,0,0,0,0,-0.4687563515213785,-0.32904210741509976
2026-03-25 17:33:30,live,,,1,Medium,29.6,Normal,0,0,0,0,-0.4687563515213785,-0.32904210741509976
2026-03-25 17:33:31,live,,,1,Medium,29.6,Normal,0,0,0,0,-0.4687563515213785,-0.32904210741509976
2026-03-25 17:33:31,live,,,1,Medium,29.6,Normal,0,0,0,0,-0.4687563515213785,-0.32904210741509976
2026-03-25 17:33:32,live,,,1,Medium,29.6,Normal,0,0,0,0,-0.4687563515213785,-0.32904210741509976
2026-03-25 17:33:32,live,,,1,Medium,29.6,Normal,0,0,0,0,-0.4687563515213785,-0.32904210741509976
2026-03-25 17:33:33,live,,,1,Medium,29.6,Normal,0,0,0,0,-0.4687563515213785,-0.32904210741509976
2026-03-25 17:33:34,live,,,1,Medium,29.6,Normal,0,0,0,0,-0.4687563515213785,-0.32904210741509976
2026-03-25 17:33:34,live,,,1,Medium,29.6,Normal,0,0,0,0,-0.4687563515213785,-0.32904210741509976
2026-03-25 17:33:35,live,,,1,Medium,29.6,Normal,0,0,0,0,-0.4687563515213785,-0.32904210741509976
2026-03-25 17:33:35,live,,,1,Medium,29.6,Normal,0,0,0,0,-0.4687563515213785,-0.32904210741509976
2026-03-25 17:33:36,live,,,1,Medium,29.6,Normal,0,0,0,0,-0.4687563515213785,-0.32904210741509976
2026-03-25 17:33:36,live,,,1,Medium,29.6,Normal,0,0,0,0,-0.4687563515213785,-0.32904210741509976
2026-03-25 17:33:37,live,,,1,Medium,29.6,Normal,0,0,0,0,-0.4687563515213785,-0.32904210741509976
2026-03-25 17:33:37,live,,,1,Medium,29.6,Normal,0,0,0,0,-0.4687563515213785,-0.32904210741509976
2026-03-25 17:33:38,live,,,1,Medium,29.6,Normal,0,0,0,0,-0.4687563515213785,-0.32904210741509976
2026-03-25 17:33:39,live,,,1,Medium,29.6,Normal,0,0,0,0,-0.4687563515213785,-0.32904210741509976
2026-03-25 17:33:39,live,,,1,Medium,29.6,Normal,0,0,0,0,-0.4687563515213785,-0.32904210741509976
2026-03-25 17:33:40,live,,,1,Medium,29.6,Normal,0,0,0,0,-0.4687563515213785,-0.32904210741509976
2026-03-25 17:33:40,live,,,1,Medium,29.6,Normal,0,0,0,0,-0.4687563515213785,-0.32904210741509976
2026-03-25 17:33:41,live,,,1,Medium,29.6,Normal,0,0,0,0,-0.4687563515213785,-0.32904210741509976
2026-03-25 17:33:42,live,,,1,Medium,29.6,Normal,0,0,0,0,-0.4687563515213785,-0.32904210741509976
2026-03-25 17:33:42,live,,,1,Medium,29.6,Normal,0,0,0,0,-0.4687563515213785,-0.32904210741509976
2026-03-25 17:33:43,live,,,1,Medium,29.6,Normal,0,0,0,0,-0.4687563515213785,-0.32904210741509976
2026-03-25 17:33:43,live,,,1,Medium,29.6,Normal,0,0,0,0,-0.4687563515213785,-0.32904210741509976
2026-03-25 17:33:44,live,,,1,Medium,29.6,Normal,0,0,0,0,-0.4687563515213785,-0.32904210741509976
2026-03-25 17:33:44,live,,,1,Medium,29.6,Normal,0,0,0,0,-0.4687563515213785,-0.32904210741509976
2026-03-25 17:33:45,live,,,1,Medium,29.6,Normal,0,0,0,0,-0.4687563515213785,-0.32904210741509976
2026-03-25 17:33:46,live,,,1,Medium,29.6,Normal,0,0,0,0,-0.4687563515213785,-0.32904210741509976
2026-03-25 17:33:46,live,,,1,Medium,29.6,Normal,0,0,0,0,-0.4687563515213785,-0.32904210741509976
2026-03-25 17:33:47,live,,,1,Medium,29.6,Normal,0,0,0,0,-0.4687563515213785,-0.32904210741509976
2026-03-25 17:33:47,live,,,1,Medium,29.6,Normal,0,0,0,0,-0.4687563515213785,-0.32904210741509976
2026-03-25 17:33:48,live,,,1,Medium,29.6,Normal,0,0,0,0,-0.4687563515213785,-0.32904210741509976
2026-03-25 17:33:48,live,,,1,Medium,29.6,Normal,0,0,0,0,-0.4687563515213785,-0.32904210741509976
2026-03-25 17:33:49,live,,,1,Medium,29.6,Normal,0,0,0,0,-0.4687563515213785,-0.32904210741509976
2026-03-25 17:33:50,live,,,1,Medium,29.6,Normal,0,0,0,0,-0.4687563515213785,-0.32904210741509976
2026-03-25 17:33:50,live,,,1,Medium,29.6,Normal,0,0,0,0,-0.4687563515213785,-0.32904210741509976
2026-03-25 17:33:51,live,,,1,Medium,29.6,Normal,0,0,0,0,-0.4687563515213785,-0.32904210741509976
2026-03-25 17:33:51,live,,,1,Medium,29.6,Normal,0,0,0,0,-0.4687563515213785,-0.32904210741509976
2026-03-25 17:33:52,live,,,1,Medium,29.6,Normal,0,0,0,0,-0.4687563515213785,-0.32904210741509976
2026-03-25 17:33:52,live,,,1,Medium,29.6,Normal,0,0,0,0,-0.4687563515213785,-0.32904210741509976
2026-03-25 17:33:53,live,,,1,Medium,29.6,Normal,0,0,0,0,-0.4687563515213785,-0.32904210741509976
2026-03-25 17:33:54,live,,,1,Medium,29.6,Normal,0,0,0,0,-0.4687563515213785,-0.32904210741509976
2026-03-25 17:33:54,live,,,1,Medium,29.6,Normal,0,0,0,0,-0.4687563515213785,-0.32904210741509976
2026-03-25 17:33:55,live,,,1,Medium,29.6,Normal,0,0,0,0,-0.4687563515213785,-0.32904210741509976
2026-03-25 17:33:55,live,,,1,Medium,29.6,Normal,0,0,0,0,-0.4687563515213785,-0.32904210741509976
2026-03-25 17:33:56,live,,,1,Medium,29.6,Normal,0,0,0,0,-0.4687563515213785,-0.32904210741509976
2026-03-25 17:33:56,live,,,1,Medium,29.6,Normal,0,0,0,0,-0.4687563515213785,-0.32904210741509976
2026-03-25 17:33:57,live,,,1,Medium,29.6,Normal,0,0,0,0,-0.4687563515213785,-0.32904210741509976
2026-03-25 17:33:57,live,,,1,Medium,29.6,Normal,0,0,0,0,-0.4687563515213785,-0.32904210741509976
2026-03-25 17:33:58,live,,,1,Medium,29.6,Normal,0,0,0,0,-0.4687563515213785,-0.32904210741509976
2026-03-25 17:33:59,live,,,1,Medium,29.6,Normal,0,0,0,0,-0.4687563515213785,-0.32904210741509976
2026-03-25 17:33:59,live,,,1,Medium,29.6,Normal,0,0,0,0,-0.4687563515213785,-0.32904210741509976
2026-03-25 17:34:00,live,,,1,Medium,29.6,Normal,0,0,0,0,-0.4687563515213785,-0.32904210741509976
2026-03-25 17:34:00,live,,,1,Medium,29.6,Normal,0,0,0,0,-0.4687563515213785,-0.32904210741509976
2026-03-25 17:34:01,live,,,1,Medium,29.6,Normal,0,0,0,0,-0.4687563515213785,-0.32904210741509976
2026-03-25 17:34:01,live,,,1,Medium,29.6,Normal,0,0,0,0,-0.4687563515213785,-0.32904210741509976
2026-03-25 17:34:02,live,,,1,Medium,29.6,Normal,0,0,0,0,-0.4687563515213785,-0.32904210741509976
2026-03-25 17:34:03,live,,,1,Medium,29.6,Normal,0,0,0,0,-0.4687563515213785,-0.32904210741509976
2026-03-25 17:34:03,live,,,1,Medium,29.6,Normal,0,0,0,0,-0.4687563515213785,-0.32904210741509976
2026-03-25 17:34:04,live,,,1,Medium,29.6,Normal,0,0,0,0,-0.4687563515213785,-0.32904210741509976
2026-03-25 17:34:04,live,,,1,Medium,29.6,Normal,0,0,0,0,-0.4687563515213785,-0.32904210741509976
2026-03-25 17:34:05,live,,,1,Medium,29.6,Normal,0,0,0,0,-0.4687563515213785,-0.32904210741509976
2026-03-25 17:34:05,live,,,1,Medium,29.6,Normal,0,0,0,0,-0.4687563515213785,-0.32904210741509976
2026-03-25 17:34:06,live,,,1,Medium,29.6,Normal,0,0,0,0,-0.4687563515213785,-0.32904210741509976
2026-03-25 17:34:07,live,,,1,Medium,29.6,Normal,0,0,0,0,-0.4687563515213785,-0.32904210741509976
2026-03-25 17:34:07,live,,,1,Medium,29.6,Normal,0,0,0,0,-0.4687563515213785,-0.32904210741509976
2026-03-25 17:34:08,live,,,1,Medium,29.6,Normal,0,0,0,0,-0.4687563515213785,-0.32904210741509976
2026-03-25 17:34:08,live,,,1,Medium,29.6,Normal,0,0,0,0,-0.4687563515213785,-0.32904210741509976
2026-03-25 17:34:09,live,,,1,Medium,29.6,Normal,0,0,0,0,-0.4687563515213785,-0.32904210741509976
2026-03-25 17:34:09,live,,,1,Medium,29.6,Normal,0,0,0,0,-0.4687563515213785,-0.32904210741509976
2026-03-25 17:34:10,live,,,1,Medium,29.6,Normal,0,0,0,0,-0.4687563515213785,-0.32904210741509976
2026-03-25 17:34:10,live,,,1,Medium,29.6,Normal,0,0,0,0,-0.4687563515213785,-0.32904210741509976
2026-03-25 17:34:11,live,,,1,Medium,29.6,Normal,0,0,0,0,-0.4687563515213785,-0.32904210741509976
2026-03-25 17:34:12,live,,,1,Medium,29.6,Normal,0,0,0,0,-0.4687563515213785,-0.32904210741509976
2026-03-25 17:34:12,live,,,1,Medium,29.6,Normal,0,0,0,0,-0.4687563515213785,-0.32904210741509976
2026-03-25 17:34:13,live,,,1,Medium,29.6,Normal,0,0,0,0,-0.4687563515213785,-0.32904210741509976
2026-03-25 17:34:13,live,,,1,Medium,29.6,Normal,0,0,0,0,-0.4687563515213785,-0.32904210741509976
2026-03-25 17:34:14,live,,,1,Medium,29.6,Normal,0,0,0,0,-0.4687563515213785,-0.32904210741509976
2026-03-25 17:34:15,live,,,1,Medium,29.6,Normal,0,0,0,0,-0.4687563515213785,-0.32904210741509976
2026-03-25 17:34:15,live,,,1,Medium,29.6,Normal,0,0,0,0,-0.4687563515213785,-0.32904210741509976
2026-03-25 17:34:16,live,,,1,Medium,29.6,Normal,0,0,0,0,-0.4687563515213785,-0.32904210741509976
2026-03-25 17:34:16,live,,,1,Medium,29.6,Normal,0,0,0,0,-0.4687563515213785,-0.32904210741509976
2026-03-25 17:34:17,live,,,1,Medium,29.6,Normal,0,0,0,0,-0.4687563515213785,-0.32904210741509976
2026-03-25 17:34:17,live,,,1,Medium,29.6,Normal,0,0,0,0,-0.4687563515213785,-0.32904210741509976
2026-03-25 17:34:18,live,,,1,Medium,29.6,Normal,0,0,0,0,-0.4687563515213785,-0.32904210741509976
2026-03-25 17:34:18,live,,,1,Medium,29.6,Normal,0,0,0,0,-0.4687563515213785,-0.32904210741509976
2026-03-25 17:34:19,live,,,1,Medium,29.6,Normal,0,0,0,0,-0.4687563515213785,-0.32904210741509976
2026-03-25 17:34:20,live,,,1,Medium,29.6,Normal,0,0,0,0,-0.4687563515213785,-0.32904210741509976
2026-03-25 17:34:20,live,,,1,Medium,29.6,Normal,0,0,0,0,-0.4687563515213785,-0.32904210741509976
2026-03-25 17:34:21,live,,,1,Medium,29.6,Normal,0,0,0,0,-0.4687563515213785,-0.32904210741509976
2026-03-25 17:34:21,live,,,1,Medium,29.6,Normal,0,0,0,0,-0.4687563515213785,-0.32904210741509976
2026-03-25 17:34:22,live,,,1,Medium,29.6,Normal,0,0,0,0,-0.4687563515213785,-0.32904210741509976
2026-03-25 17:34:22,live,,,1,Medium,29.6,Normal,0,0,0,0,-0.4687563515213785,-0.32904210741509976
2026-03-25 17:34:23,live,,,1,Medium,29.6,Normal,0,0,0,0,-0.4687563515213785,-0.32904210741509976
2026-03-25 17:34:24,live,,,1,Medium,29.6,Normal,0,0,0,0,-0.4687563515213785,-0.32904210741509976
2026-03-25 17:34:24,live,,,1,Medium,29.6,Normal,0,0,0,0,-0.4687563515213785,-0.32904210741509976
2026-03-25 17:34:25,live,,,1,Medium,29.6,Normal,0,0,0,0,-0.4687563515213785,-0.32904210741509976
2026-03-25 17:34:25,live,,,1,Medium,29.6,Normal,0,0,0,0,-0.4687563515213785,-0.32904210741509976
2026-03-25 17:34:26,live,,,1,Medium,29.6,Normal,0,0,0,0,-0.4687563515213785,-0.32904210741509976
2026-03-25 17:34:26,live,,,1,Medium,29.6,Normal,0,0,0,0,-0.4687563515213785,-0.32904210741509976
2026-03-25 17:34:27,live,,,1,Medium,29.6,Normal,0,0,0,0,-0.4687563515213785,-0.32904210741509976
2026-03-25 17:34:28,live,,,1,Medium,29.6,Normal,0,0,0,0,-0.4687563515213785,-0.32904210741509976
2026-03-25 17:34:28,live,,,1,Medium,29.6,Normal,0,0,0,0,-0.4687563515213785,-0.32904210741509976
2026-03-25 17:34:29,live,,,1,Medium,29.6,Normal,0,0,0,0,-0.4687563515213785,-0.32904210741509976
2026-03-25 17:34:29,live,,,1,Medium,29.6,Normal,0,0,0,0,-0.4687563515213785,-0.32904210741509976
2026-03-25 17:34:30,live,,,1,Medium,29.6,Normal,0,0,0,0,-0.4687563515213785,-0.32904210741509976
2026-03-25 17:34:30,live,,,1,Medium,29.6,Normal,0,0,0,0,-0.4687563515213785,-0.32904210741509976
2026-03-25 17:34:31,live,,,1,Medium,29.6,Normal,0,0,0,0,-0.4687563515213785,-0.32904210741509976
2026-03-25 17:34:32,live,,,1,Medium,29.6,Normal,0,0,0,0,-0.4687563515213785,-0.32904210741509976
2026-03-25 17:34:32,live,,,1,Medium,29.6,Normal,0,0,0,0,-0.4687563515213785,-0.32904210741509976
2026-03-25 17:34:33,live,,,1,Medium,29.6,Normal,0,0,0,0,-0.4687563515213785,-0.32904210741509976
2026-03-25 17:34:33,live,,,1,Medium,29.6,Normal,0,0,0,0,-0.4687563515213785,-0.32904210741509976
2026-03-25 17:34:34,live,,,1,Medium,29.6,Normal,0,0,0,0,-0.4687563515213785,-0.32904210741509976
2026-03-25 17:34:35,live,,,1,Medium,29.6,Normal,0,0,0,0,-0.4687563515213785,-0.32904210741509976
2026-03-25 17:34:35,live,,,1,Medium,29.6,Normal,0,0,0,0,-0.4687563515213785,-0.32904210741509976
2026-03-25 17:34:36,live,,,1,Medium,29.6,Normal,0,0,0,0,-0.4687563515213785,-0.32904210741509976
2026-03-25 17:34:40,live,,,2,Medium,31.8,Normal,0,0,0,0,-0.46812084121188996,-0.32904210741509976
2026-03-25 17:34:40,random,,,2,Medium,31.8,Normal,0,0,0,0,-0.46812084121188996,-0.32904210741509976
2026-03-25 17:34:40,live,,,2,Medium,31.8,Normal,0,0,0,0,-0.46812084121188996,-0.32904210741509976
2026-03-25 17:34:40,live,,,2,Medium,31.8,Normal,0,0,0,0,-0.46812084121188996,-0.32904210741509976
2026-03-25 17:34:41,live,,,2,Medium,31.8,Normal,0,0,0,0,-0.46812084121188996,-0.32904210741509976
2026-03-25 17:34:41,live,,,2,Medium,31.8,Normal,0,0,0,0,-0.46812084121188996,-0.32904210741509976
2026-03-25 17:34:42,live,,,2,Medium,31.8,Normal,0,0,0,0,-0.46812084121188996,-0.32904210741509976
2026-03-25 17:34:42,live,,,2,Medium,31.8,Normal,0,0,0,0,-0.46812084121188996,-0.32904210741509976
2026-03-25 17:34:43,live,,,2,Medium,31.8,Normal,0,0,0,0,-0.46812084121188996,-0.32904210741509976
2026-03-25 17:34:44,live,,,2,Medium,31.8,Normal,0,0,0,0,-0.46812084121188996,-0.32904210741509976
2026-03-25 17:34:44,live,,,2,Medium,31.8,Normal,0,0,0,0,-0.46812084121188996,-0.32904210741509976
2026-03-25 17:34:45,live,,,2,Medium,31.8,Normal,0,0,0,0,-0.46812084121188996,-0.32904210741509976
2026-03-25 17:34:45,live,,,2,Medium,31.8,Normal,0,0,0,0,-0.46812084121188996,-0.32904210741509976
2026-03-25 17:34:46,live,,,2,Medium,31.8,Normal,0,0,0,0,-0.46812084121188996,-0.32904210741509976
2026-03-25 17:34:46,live,,,2,Medium,31.8,Normal,0,0,0,0,-0.46812084121188996,-0.32904210741509976
2026-03-25 17:34:47,live,,,2,Medium,31.8,Normal,0,0,0,0,-0.46812084121188996,-0.32904210741509976
2026-03-25 17:34:47,live,,,2,Medium,31.8,Normal,0,0,0,0,-0.46812084121188996,-0.32904210741509976
2026-03-25 17:34:48,live,,,2,Medium,31.8,Normal,0,0,0,0,-0.46812084121188996,-0.32904210741509976
2026-03-25 17:34:49,live,,,2,Medium,31.8,Normal,0,0,0,0,-0.46812084121188996,-0.32904210741509976
2026-03-25 17:34:49,live,,,2,Medium,31.8,Normal,0,0,0,0,-0.46812084121188996,-0.32904210741509976
2026-03-25 17:34:50,live,,,2,Medium,31.8,Normal,0,0,0,0,-0.46812084121188996,-0.32904210741509976
2026-03-25 17:34:50,live,,,2,Medium,31.8,Normal,0,0,0,0,-0.46812084121188996,-0.32904210741509976
2026-03-25 17:34:51,live,,,2,Medium,31.8,Normal,0,0,0,0,-0.46812084121188996,-0.32904210741509976
2026-03-25 17:34:51,live,,,2,Medium,31.8,Normal,0,0,0,0,-0.46812084121188996,-0.32904210741509976
2026-03-25 17:34:52,live,,,2,Medium,31.8,Normal,0,0,0,0,-0.46812084121188996,-0.32904210741509976
2026-03-25 17:34:53,live,,,2,Medium,31.8,Normal,0,0,0,0,-0.46812084121188996,-0.32904210741509976
2026-03-25 17:34:53,live,,,2,Medium,31.8,Normal,0,0,0,0,-0.46812084121188996,-0.32904210741509976
2026-03-25 17:34:54,live,,,2,Medium,31.8,Normal,0,0,0,0,-0.46812084121188996,-0.32904210741509976
2026-03-25 17:34:54,live,,,2,Medium,31.8,Normal,0,0,0,0,-0.46812084121188996,-0.32904210741509976
2026-03-25 17:34:55,live,,,2,Medium,31.8,Normal,0,0,0,0,-0.46812084121188996,-0.32904210741509976
2026-03-25 17:34:55,live,,,2,Medium,31.8,Normal,0,0,0,0,-0.46812084121188996,-0.32904210741509976
2026-03-25 17:34:56,live,,,2,Medium,31.8,Normal,0,0,0,0,-0.46812084121188996,-0.32904210741509976
2026-03-25 17:34:56,live,,,2,Medium,31.8,Normal,0,0,0,0,-0.46812084121188996,-0.32904210741509976
2026-03-25 17:34:57,live,,,2,Medium,31.8,Normal,0,0,0,0,-0.46812084121188996,-0.32904210741509976
2026-03-25 17:34:58,live,,,2,Medium,31.8,Normal,0,0,0,0,-0.46812084121188996,-0.32904210741509976
2026-03-25 17:34:58,live,,,2,Medium,31.8,Normal,0,0,0,0,-0.46812084121188996,-0.32904210741509976
2026-03-25 17:34:59,live,,,2,Medium,31.8,Normal,0,0,0,0,-0.46812084121188996,-0.32904210741509976
2026-03-25 17:35:00,live,,,2,Medium,31.8,Normal,0,0,0,0,-0.46812084121188996,-0.32904210741509976
2026-03-25 17:35:02,live,,,2,Medium,31.8,Normal,0,0,0,0,-0.46812084121188996,-0.32904210741509976
2026-03-25 17:35:03,live,,,2,Medium,31.8,Normal,0,0,0,0,-0.46812084121188996,-0.32904210741509976
2026-03-25 17:35:04,live,,,2,Medium,31.8,Normal,0,0,0,0,-0.46812084121188996,-0.32904210741509976
2026-03-25 17:35:05,live,,,2,Medium,31.8,Normal,0,0,0,0,-0.46812084121188996,-0.32904210741509976
2026-03-25 17:35:06,live,,,2,Medium,31.8,Normal,0,0,0,0,-0.46812084121188996,-0.32904210741509976
2026-03-25 17:35:07,live,,,2,Medium,31.8,Normal,0,0,0,0,-0.46812084121188996,-0.32904210741509976
2026-03-25 17:35:08,live,,,2,Medium,31.8,Normal,0,0,0,0,-0.46812084121188996,-0.32904210741509976
2026-03-25 17:35:09,live,,,2,Medium,31.8,Normal,0,0,0,0,-0.46812084121188996,-0.32904210741509976
2026-03-25 17:35:11,live,,,2,Medium,31.8,Normal,0,0,0,0,-0.46812084121188996,-0.32904210741509976
2026-03-25 17:35:12,live,,,2,Medium,31.8,Normal,0,0,0,0,-0.46812084121188996,-0.32904210741509976
2026-03-25 17:35:13,live,,,2,Medium,31.8,Normal,0,0,0,0,-0.46812084121188996,-0.32904210741509976
2026-03-25 17:35:14,live,,,2,Medium,31.8,Normal,0,0,0,0,-0.46812084121188996,-0.32904210741509976
2026-03-25 17:35:15,live,,,2,Medium,31.8,Normal,0,0,0,0,-0.46812084121188996,-0.32904210741509976
2026-03-25 17:35:16,live,,,2,Medium,31.8,Normal,0,0,0,0,-0.46812084121188996,-0.32904210741509976
2026-03-25 17:35:18,live,,,2,Medium,31.8,Normal,0,0,0,0,-0.46812084121188996,-0.32904210741509976
2026-03-25 17:35:19,live,,,2,Medium,31.8,Normal,0,0,0,0,-0.46812084121188996,-0.32904210741509976
2026-03-25 17:35:20,live,,,2,Medium,31.8,Normal,0,0,0,0,-0.46812084121188996,-0.32904210741509976
2026-03-25 17:35:21,live,,,2,Medium,31.8,Normal,0,0,0,0,-0.46812084121188996,-0.32904210741509976
2026-03-25 17:35:23,live,,,2,Medium,31.8,Normal,0,0,0,0,-0.46812084121188996,-0.32904210741509976
2026-03-25 17:35:24,live,,,2,Medium,31.8,Normal,0,0,0,0,-0.46812084121188996,-0.32904210741509976
2026-03-25 17:35:25,live,,,2,Medium,31.8,Normal,0,0,0,0,-0.46812084121188996,-0.32904210741509976
2026-03-25 17:35:26,live,,,2,Medium,31.8,Normal,0,0,0,0,-0.46812084121188996,-0.32904210741509976
2026-03-25 17:35:28,live,,,2,Medium,31.8,Normal,0,0,0,0,-0.46812084121188996,-0.32904210741509976
2026-03-25 17:35:29,live,,,2,Medium,31.8,Normal,0,0,0,0,-0.46812084121188996,-0.32904210741509976
2026-03-25 17:35:30,live,,,2,Medium,31.8,Normal,0,0,0,0,-0.46812084121188996,-0.32904210741509976
2026-03-25 17:35:32,live,,,2,Medium,31.8,Normal,0,0,0,0,-0.46812084121188996,-0.32904210741509976
2026-03-25 17:35:33,live,,,2,Medium,31.8,Normal,0,0,0,0,-0.46812084121188996,-0.32904210741509976
2026-03-25 17:35:34,live,,,2,Medium,31.8,Normal,0,0,0,0,-0.46812084121188996,-0.32904210741509976
2026-03-25 17:35:35,live,,,2,Medium,31.8,Normal,0,0,0,0,-0.46812084121188996,-0.32904210741509976
2026-03-25 17:35:36,live,,,2,Medium,31.8,Normal,0,0,0,0,-0.46812084121188996,-0.32904210741509976
2026-03-25 17:35:38,live,,,2,Medium,31.8,Normal,0,0,0,0,-0.46812084121188996,-0.32904210741509976
2026-03-25 17:35:39,live,,,2,Medium,31.8,Normal,0,0,0,0,-0.46812084121188996,-0.32904210741509976
2026-03-25 17:35:40,live,,,2,Medium,31.8,Normal,0,0,0,0,-0.46812084121188996,-0.32904210741509976
2026-03-25 17:35:42,live,,,2,Medium,31.8,Normal,0,0,0,0,-0.46812084121188996,-0.32904210741509976
2026-03-25 17:35:43,live,,,2,Medium,31.8,Normal,0,0,0,0,-0.46812084121188996,-0.32904210741509976
2026-03-25 17:35:44,live,,,2,Medium,31.8,Normal,0,0,0,0,-0.46812084121188996,-0.32904210741509976
2026-03-25 17:35:45,live,,,2,Medium,31.8,Normal,0,0,0,0,-0.46812084121188996,-0.32904210741509976
2026-03-25 17:35:47,live,,,2,Medium,31.8,Normal,0,0,0,0,-0.46812084121188996,-0.32904210741509976
2026-03-25 17:35:48,live,,,2,Medium,31.8,Normal,0,0,0,0,-0.46812084121188996,-0.32904210741509976
2026-03-25 17:35:49,live,,,2,Medium,31.8,Normal,0,0,0,0,-0.46812084121188996,-0.32904210741509976
2026-03-25 17:35:50,live,,,2,Medium,31.8,Normal,0,0,0,0,-0.46812084121188996,-0.32904210741509976
2026-03-25 17:35:52,live,,,2,Medium,31.8,Normal,0,0,0,0,-0.46812084121188996,-0.32904210741509976
2026-03-25 17:35:53,live,,,2,Medium,31.8,Normal,0,0,0,0,-0.46812084121188996,-0.32904210741509976
2026-03-25 17:35:54,live,,,2,Medium,31.8,Normal,0,0,0,0,-0.46812084121188996,-0.32904210741509976
2026-03-25 17:35:55,live,,,2,Medium,31.8,Normal,0,0,0,0,-0.46812084121188996,-0.32904210741509976
2026-03-25 17:35:57,live,,,2,Medium,31.8,Normal,0,0,0,0,-0.46812084121188996,-0.32904210741509976
2026-03-25 17:35:58,live,,,2,Medium,31.8,Normal,0,0,0,0,-0.46812084121188996,-0.32904210741509976
2026-03-25 17:35:59,live,,,2,Medium,31.8,Normal,0,0,0,0,-0.46812084121188996,-0.32904210741509976
2026-03-25 17:36:00,live,,,2,Medium,31.8,Normal,0,0,0,0,-0.46812084121188996,-0.32904210741509976
2026-03-25 17:36:01,live,,,2,Medium,31.8,Normal,0,0,0,0,-0.46812084121188996,-0.32904210741509976
2026-03-25 17:36:03,live,,,2,Medium,31.8,Normal,0,0,0,0,-0.46812084121188996,-0.32904210741509976
2026-03-25 17:36:04,live,,,2,Medium,31.8,Normal,0,0,0,0,-0.46812084121188996,-0.32904210741509976
2026-03-25 17:36:05,live,,,2,Medium,31.8,Normal,0,0,0,0,-0.46812084121188996,-0.32904210741509976
2026-03-25 17:36:07,live,,,2,Medium,31.8,Normal,0,0,0,0,-0.46812084121188996,-0.32904210741509976
2026-03-25 17:36:08,live,,,2,Medium,31.8,Normal,0,0,0,0,-0.46812084121188996,-0.32904210741509976
2026-03-25 17:36:09,live,,,2,Medium,31.8,Normal,0,0,0,0,-0.46812084121188996,-0.32904210741509976
2026-03-25 17:36:10,live,,,2,Medium,31.8,Normal,0,0,0,0,-0.46812084121188996,-0.32904210741509976
2026-03-25 17:36:11,live,,,2,Medium,31.8,Normal,0,0,0,0,-0.46812084121188996,-0.32904210741509976
2026-03-25 17:36:13,live,,,2,Medium,31.8,Normal,0,0,0,0,-0.46812084121188996,-0.32904210741509976
2026-03-25 17:36:14,live,,,2,Medium,31.8,Normal,0,0,0,0,-0.46812084121188996,-0.32904210741509976
2026-03-25 17:36:15,live,,,2,Medium,31.8,Normal,0,0,0,0,-0.46812084121188996,-0.32904210741509976
2026-03-25 17:36:16,live,,,2,Medium,31.8,Normal,0,0,0,0,-0.46812084121188996,-0.32904210741509976
2026-03-25 17:36:18,live,,,2,Medium,31.8,Normal,0,0,0,0,-0.46812084121188996,-0.32904210741509976
2026-03-25 17:36:19,live,,,2,Medium,31.8,Normal,0,0,0,0,-0.46812084121188996,-0.32904210741509976
2026-03-25 17:36:20,live,,,2,Medium,31.8,Normal,0,0,0,0,-0.46812084121188996,-0.32904210741509976
2026-03-25 17:36:21,live,,,2,Medium,31.8,Normal,0,0,0,0,-0.46812084121188996,-0.32904210741509976
2026-03-25 17:36:22,live,,,2,Medium,31.8,Normal,0,0,0,0,-0.46812084121188996,-0.32904210741509976
2026-03-25 17:36:24,live,,,2,Medium,31.8,Normal,0,0,0,0,-0.46812084121188996,-0.32904210741509976
2026-03-25 17:36:25,live,,,2,Medium,31.8,Normal,0,0,0,0,-0.46812084121188996,-0.32904210741509976
2026-03-25 17:36:26,live,,,2,Medium,31.8,Normal,0,0,0,0,-0.46812084121188996,-0.32904210741509976
2026-03-25 17:36:27,live,,,2,Medium,31.8,Normal,0,0,0,0,-0.46812084121188996,-0.32904210741509976
2026-03-25 17:36:29,live,,,2,Medium,31.8,Normal,0,0,0,0,-0.46812084121188996,-0.32904210741509976
2026-03-25 17:36:30,live,,,2,Medium,31.8,Normal,0,0,0,0,-0.46812084121188996,-0.32904210741509976
2026-03-25 17:36:31,live,,,2,Medium,31.8,Normal,0,0,0,0,-0.46812084121188996,-0.32904210741509976
2026-03-25 17:36:32,live,,,2,Medium,31.8,Normal,0,0,0,0,-0.46812084121188996,-0.32904210741509976
2026-03-25 17:36:33,live,,,2,Medium,31.8,Normal,0,0,0,0,-0.46812084121188996,-0.32904210741509976
2026-03-25 17:36:35,live,,,2,Medium,31.8,Normal,0,0,0,0,-0.46812084121188996,-0.32904210741509976
2026-03-25 17:36:36,live,,,2,Medium,31.8,Normal,0,0,0,0,-0.46812084121188996,-0.32904210741509976
2026-03-25 17:36:37,live,,,2,Medium,31.8,Normal,0,0,0,0,-0.46812084121188996,-0.32904210741509976
2026-03-25 17:36:38,live,,,2,Medium,31.8,Normal,0,0,0,0,-0.46812084121188996,-0.32904210741509976
2026-03-25 17:36:39,live,,,2,Medium,31.8,Normal,0,0,0,0,-0.46812084121188996,-0.32904210741509976
2026-03-25 17:36:41,live,,,2,Medium,31.8,Normal,0,0,0,0,-0.46812084121188996,-0.32904210741509976
2026-03-25 17:36:42,live,,,2,Medium,31.8,Normal,0,0,0,0,-0.46812084121188996,-0.32904210741509976
2026-03-25 17:36:43,live,,,2,Medium,31.8,Normal,0,0,0,0,-0.46812084121188996,-0.32904210741509976
2026-03-25 17:36:44,live,,,2,Medium,31.8,Normal,0,0,0,0,-0.46812084121188996,-0.32904210741509976
2026-03-25 17:36:46,live,,,2,Medium,31.8,Normal,0,0,0,0,-0.46812084121188996,-0.32904210741509976
2026-03-25 17:36:47,live,,,2,Medium,31.8,Normal,0,0,0,0,-0.46812084121188996,-0.32904210741509976
2026-03-25 17:36:48,live,,,2,Medium,31.8,Normal,0,0,0,0,-0.46812084121188996,-0.32904210741509976
2026-03-25 17:36:49,live,,,2,Medium,31.8,Normal,0,0,0,0,-0.46812084121188996,-0.32904210741509976
2026-03-25 17:36:50,live,,,2,Medium,31.8,Normal,0,0,0,0,-0.46812084121188996,-0.32904210741509976
2026-03-25 17:36:52,live,,,2,Medium,31.8,Normal,0,0,0,0,-0.46812084121188996,-0.32904210741509976
2026-03-25 17:36:53,live,,,2,Medium,31.8,Normal,0,0,0,0,-0.46812084121188996,-0.32904210741509976
2026-03-25 17:36:54,live,,,2,Medium,31.8,Normal,0,0,0,0,-0.46812084121188996,-0.32904210741509976
2026-03-25 17:36:55,live,,,2,Medium,31.8,Normal,0,0,0,0,-0.46812084121188996,-0.32904210741509976
2026-03-25 17:36:57,live,,,2,Medium,31.8,Normal,0,0,0,0,-0.46812084121188996,-0.32904210741509976
2026-03-25 17:36:58,live,,,2,Medium,31.8,Normal,0,0,0,0,-0.46812084121188996,-0.32904210741509976
2026-03-25 17:36:59,live,,,2,Medium,31.8,Normal,0,0,0,0,-0.46812084121188996,-0.32904210741509976
2026-03-25 17:37:00,live,,,2,Medium,31.8,Normal,0,0,0,0,-0.46812084121188996,-0.32904210741509976
2026-03-25 17:37:01,live,,,2,Medium,31.8,Normal,0,0,0,0,-0.46812084121188996,-0.32904210741509976
2026-03-25 17:37:03,live,,,2,Medium,31.8,Normal,0,0,0,0,-0.46812084121188996,-0.32904210741509976
2026-03-25 17:37:04,live,,,2,Medium,31.8,Normal,0,0,0,0,-0.46812084121188996,-0.32904210741509976
2026-03-25 17:37:05,live,,,2,Medium,31.8,Normal,0,0,0,0,-0.46812084121188996,-0.32904210741509976
2026-03-25 17:37:06,live,,,2,Medium,31.8,Normal,0,0,0,0,-0.46812084121188996,-0.32904210741509976
2026-03-25 17:37:07,live,,,2,Medium,31.8,Normal,0,0,0,0,-0.46812084121188996,-0.32904210741509976
2026-03-25 17:37:09,live,,,2,Medium,31.8,Normal,0,0,0,0,-0.46812084121188996,-0.32904210741509976
2026-03-25 17:37:10,live,,,2,Medium,31.8,Normal,0,0,0,0,-0.46812084121188996,-0.32904210741509976
2026-03-25 17:37:11,live,,,2,Medium,31.8,Normal,0,0,0,0,-0.46812084121188996,-0.32904210741509976
2026-03-25 17:37:12,live,,,2,Medium,31.8,Normal,0,0,0,0,-0.46812084121188996,-0.32904210741509976
2026-03-25 17:37:14,live,,,2,Medium,31.8,Normal,0,0,0,0,-0.46812084121188996,-0.32904210741509976
2026-03-25 17:37:15,live,,,2,Medium,31.8,Normal,0,0,0,0,-0.46812084121188996,-0.32904210741509976
2026-03-25 17:37:16,live,,,2,Medium,31.8,Normal,0,0,0,0,-0.46812084121188996,-0.32904210741509976
2026-03-25 17:37:17,live,,,2,Medium,31.8,Normal,0,0,0,0,-0.46812084121188996,-0.32904210741509976
2026-03-25 17:37:18,live,,,2,Medium,31.8,Normal,0,0,0,0,-0.46812084121188996,-0.32904210741509976
2026-03-25 17:37:20,live,,,2,Medium,31.8,Normal,0,0,0,0,-0.46812084121188996,-0.32904210741509976
2026-03-25 17:37:21,live,,,2,Medium,31.8,Normal,0,0,0,0,-0.46812084121188996,-0.32904210741509976
2026-03-25 17:37:22,live,,,2,Medium,31.8,Normal,0,0,0,0,-0.46812084121188996,-0.32904210741509976
2026-03-25 17:37:23,live,,,2,Medium,31.8,Normal,0,0,0,0,-0.46812084121188996,-0.32904210741509976
2026-03-25 17:37:24,live,,,2,Medium,31.8,Normal,0,0,0,0,-0.46812084121188996,-0.32904210741509976
2026-03-25 17:37:26,live,,,2,Medium,31.8,Normal,0,0,0,0,-0.46812084121188996,-0.32904210741509976
2026-03-25 17:37:27,live,,,2,Medium,31.8,Normal,0,0,0,0,-0.46812084121188996,-0.32904210741509976
2026-03-25 17:37:28,live,,,2,Medium,31.8,Normal,0,0,0,0,-0.46812084121188996,-0.32904210741509976
2026-03-25 17:37:29,live,,,2,Medium,31.8,Normal,0,0,0,0,-0.46812084121188996,-0.32904210741509976
2026-03-25 17:37:30,live,,,2,Medium,31.8,Normal,0,0,0,0,-0.46812084121188996,-0.32904210741509976
2026-03-25 17:37:32,live,,,2,Medium,31.8,Normal,0,0,0,0,-0.46812084121188996,-0.32904210741509976
2026-03-25 17:37:33,live,,,2,Medium,31.8,Normal,0,0,0,0,-0.46812084121188996,-0.32904210741509976
2026-03-25 17:37:34,live,,,2,Medium,31.8,Normal,0,0,0,0,-0.46812084121188996,-0.32904210741509976
2026-03-25 17:37:35,live,,,2,Medium,31.8,Normal,0,0,0,0,-0.46812084121188996,-0.32904210741509976
2026-03-25 17:37:37,live,,,2,Medium,31.8,Normal,0,0,0,0,-0.46812084121188996,-0.32904210741509976
2026-03-25 17:37:38,live,,,2,Medium,31.8,Normal,0,0,0,0,-0.46812084121188996,-0.32904210741509976
2026-03-25 17:37:39,live,,,2,Medium,31.8,Normal,0,0,0,0,-0.46812084121188996,-0.32904210741509976
2026-03-25 17:37:40,live,,,2,Medium,31.8,Normal,0,0,0,0,-0.46812084121188996,-0.32904210741509976
2026-03-25 17:37:41,live,,,2,Medium,31.8,Normal,0,0,0,0,-0.46812084121188996,-0.32904210741509976
2026-03-25 17:37:43,live,,,2,Medium,31.8,Normal,0,0,0,0,-0.46812084121188996,-0.32904210741509976
2026-03-25 17:37:44,live,,,2,Medium,31.8,Normal,0,0,0,0,-0.46812084121188996,-0.32904210741509976
2026-03-25 17:37:45,live,,,2,Medium,31.8,Normal,0,0,0,0,-0.46812084121188996,-0.32904210741509976
2026-03-25 17:37:46,live,,,2,Medium,31.8,Normal,0,0,0,0,-0.46812084121188996,-0.32904210741509976
2026-03-25 17:37:48,live,,,2,Medium,31.8,Normal,0,0,0,0,-0.46812084121188996,-0.32904210741509976
2026-03-25 17:37:49,live,,,2,Medium,31.8,Normal,0,0,0,0,-0.46812084121188996,-0.32904210741509976
2026-03-25 17:37:50,live,,,2,Medium,31.8,Normal,0,0,0,0,-0.46812084121188996,-0.32904210741509976
2026-03-25 17:37:51,live,,,2,Medium,31.8,Normal,0,0,0,0,-0.46812084121188996,-0.32904210741509976
2026-03-25 17:37:53,live,,,2,Medium,31.8,Normal,0,0,0,0,-0.46812084121188996,-0.32904210741509976
2026-03-25 17:37:54,live,,,2,Medium,31.8,Normal,0,0,0,0,-0.46812084121188996,-0.32904210741509976
2026-03-25 17:37:55,live,,,2,Medium,31.8,Normal,0,0,0,0,-0.46812084121188996,-0.32904210741509976
2026-03-25 17:37:56,live,,,2,Medium,31.8,Normal,0,0,0,0,-0.46812084121188996,-0.32904210741509976
2026-03-25 17:37:57,live,,,2,Medium,31.8,Normal,0,0,0,0,-0.46812084121188996,-0.32904210741509976
2026-03-25 17:37:59,live,,,2,Medium,31.8,Normal,0,0,0,0,-0.46812084121188996,-0.32904210741509976
2026-03-25 17:38:00,live,,,2,Medium,31.8,Normal,0,0,0,0,-0.46812084121188996,-0.32904210741509976
2026-03-25 17:38:01,live,,,2,Medium,31.8,Normal,0,0,0,0,-0.46812084121188996,-0.32904210741509976
2026-03-25 17:38:02,live,,,2,Medium,31.8,Normal,0,0,0,0,-0.46812084121188996,-0.32904210741509976
2026-03-25 17:38:04,live,,,2,Medium,31.8,Normal,0,0,0,0,-0.46812084121188996,-0.32904210741509976
2026-03-25 17:38:05,live,,,2,Medium,31.8,Normal,0,0,0,0,-0.46812084121188996,-0.32904210741509976
2026-03-25 17:38:06,live,,,2,Medium,31.8,Normal,0,0,0,0,-0.46812084121188996,-0.32904210741509976
2026-03-25 17:38:07,live,,,2,Medium,31.8,Normal,0,0,0,0,-0.46812084121188996,-0.32904210741509976
2026-03-25 17:38:09,live,,,2,Medium,31.8,Normal,0,0,0,0,-0.46812084121188996,-0.32904210741509976
2026-03-25 17:38:10,live,,,2,Medium,31.8,Normal,0,0,0,0,-0.46812084121188996,-0.32904210741509976
2026-03-25 17:38:11,live,,,2,Medium,31.8,Normal,0,0,0,0,-0.46812084121188996,-0.32904210741509976
2026-03-25 17:38:12,live,,,2,Medium,31.8,Normal,0,0,0,0,-0.46812084121188996,-0.32904210741509976
2026-03-25 17:38:14,live,,,2,Medium,31.8,Normal,0,0,0,0,-0.46812084121188996,-0.32904210741509976
2026-03-25 17:38:15,live,,,2,Medium,31.8,Normal,0,0,0,0,-0.46812084121188996,-0.32904210741509976
2026-03-25 17:38:16,live,,,2,Medium,31.8,Normal,0,0,0,0,-0.46812084121188996,-0.32904210741509976
2026-03-25 17:38:17,live,,,2,Medium,31.8,Normal,0,0,0,0,-0.46812084121188996,-0.32904210741509976
2026-03-25 17:38:19,live,,,2,Medium,31.8,Normal,0,0,0,0,-0.46812084121188996,-0.32904210741509976
2026-03-25 17:38:20,live,,,2,Medium,31.8,Normal,0,0,0,0,-0.46812084121188996,-0.32904210741509976
2026-03-25 17:38:21,live,,,2,Medium,31.8,Normal,0,0,0,0,-0.46812084121188996,-0.32904210741509976
2026-03-25 17:38:22,live,,,2,Medium,31.8,Normal,0,0,0,0,-0.46812084121188996,-0.32904210741509976
2026-03-25 17:38:24,live,,,2,Medium,31.8,Normal,0,0,0,0,-0.46812084121188996,-0.32904210741509976
2026-03-25 17:38:25,live,,,2,Medium,31.8,Normal,0,0,0,0,-0.46812084121188996,-0.32904210741509976
2026-03-25 17:38:26,live,,,2,Medium,31.8,Normal,0,0,0,0,-0.46812084121188996,-0.32904210741509976
2026-03-25 17:38:28,live,,,2,Medium,31.8,Normal,0,0,0,0,-0.46812084121188996,-0.32904210741509976
2026-03-25 17:38:29,live,,,2,Medium,31.8,Normal,0,0,0,0,-0.46812084121188996,-0.32904210741509976
2026-03-25 17:38:30,live,,,2,Medium,31.8,Normal,0,0,0,0,-0.46812084121188996,-0.32904210741509976
2026-03-25 17:38:31,live,,,2,Medium,31.8,Normal,0,0,0,0,-0.46812084121188996,-0.32904210741509976
2026-03-25 17:38:32,live,,,2,Medium,31.8,Normal,0,0,0,0,-0.46812084121188996,-0.32904210741509976
2026-03-25 17:38:34,live,,,2,Medium,31.8,Normal,0,0,0,0,-0.46812084121188996,-0.32904210741509976
2026-03-25 17:38:35,live,,,2,Medium,31.8,Normal,0,0,0,0,-0.46812084121188996,-0.32904210741509976
2026-03-25 17:38:36,live,,,2,Medium,31.8,Normal,0,0,0,0,-0.46812084121188996,-0.32904210741509976
2026-03-25 17:38:37,live,,,2,Medium,31.8,Normal,0,0,0,0,-0.46812084121188996,-0.32904210741509976
2026-03-25 17:38:39,live,,,2,Medium,31.8,Normal,0,0,0,0,-0.46812084121188996,-0.32904210741509976
2026-03-25 17:38:40,live,,,2,Medium,31.8,Normal,0,0,0,0,-0.46812084121188996,-0.32904210741509976
2026-03-25 17:38:41,live,,,2,Medium,31.8,Normal,0,0,0,0,-0.46812084121188996,-0.32904210741509976
2026-03-25 17:38:42,live,,,2,Medium,31.8,Normal,0,0,0,0,-0.46812084121188996,-0.32904210741509976
2026-03-25 17:38:44,live,,,2,Medium,31.8,Normal,0,0,0,0,-0.46812084121188996,-0.32904210741509976
2026-03-25 17:38:45,live,,,2,Medium,31.8,Normal,0,0,0,0,-0.46812084121188996,-0.32904210741509976
2026-03-25 17:38:46,live,,,2,Medium,31.8,Normal,0,0,0,0,-0.46812084121188996,-0.32904210741509976
2026-03-25 17:38:47,live,,,2,Medium,31.8,Normal,0,0,0,0,-0.46812084121188996,-0.32904210741509976
2026-03-25 17:38:49,live,,,2,Medium,31.8,Normal,0,0,0,0,-0.46812084121188996,-0.32904210741509976
2026-03-25 17:38:50,live,,,2,Medium,31.8,Normal,0,0,0,0,-0.46812084121188996,-0.32904210741509976
2026-03-25 17:38:51,live,,,2,Medium,31.8,Normal,0,0,0,0,-0.46812084121188996,-0.32904210741509976
2026-03-25 17:38:52,live,,,2,Medium,31.8,Normal,0,0,0,0,-0.46812084121188996,-0.32904210741509976
2026-03-25 17:38:53,live,,,2,Medium,31.8,Normal,0,0,0,0,-0.46812084121188996,-0.32904210741509976
2026-03-25 17:38:54,live,,,2,Medium,31.8,Normal,0,0,0,0,-0.46812084121188996,-0.32904210741509976
2026-03-25 17:38:56,live,,,2,Medium,31.8,Normal,0,0,0,0,-0.46812084121188996,-0.32904210741509976
2026-03-25 17:38:57,live,,,2,Medium,31.8,Normal,0,0,0,0,-0.46812084121188996,-0.32904210741509976
2026-03-25 17:38:58,live,,,2,Medium,31.8,Normal,0,0,0,0,-0.46812084121188996,-0.32904210741509976
2026-03-25 17:38:59,live,,,2,Medium,31.8,Normal,0,0,0,0,-0.46812084121188996,-0.32904210741509976
2026-03-25 17:39:00,live,,,2,Medium,31.8,Normal,0,0,0,0,-0.46812084121188996,-0.32904210741509976
2026-03-25 17:39:02,live,,,2,Medium,31.8,Normal,0,0,0,0,-0.46812084121188996,-0.32904210741509976
2026-03-25 17:39:03,live,,,2,Medium,31.8,Normal,0,0,0,0,-0.46812084121188996,-0.32904210741509976
2026-03-25 17:39:04,live,,,2,Medium,31.8,Normal,0,0,0,0,-0.46812084121188996,-0.32904210741509976
2026-03-25 17:39:05,live,,,2,Medium,31.8,Normal,0,0,0,0,-0.46812084121188996,-0.32904210741509976
2026-03-25 17:39:06,live,,,2,Medium,31.8,Normal,0,0,0,0,-0.46812084121188996,-0.32904210741509976
2026-03-25 17:39:07,live,,,2,Medium,31.8,Normal,0,0,0,0,-0.46812084121188996,-0.32904210741509976
2026-03-25 17:39:08,live,,,2,Medium,31.8,Normal,0,0,0,0,-0.46812084121188996,-0.32904210741509976
2026-03-25 17:39:10,live,,,2,Medium,31.8,Normal,0,0,0,0,-0.46812084121188996,-0.32904210741509976
2026-03-25 17:39:11,live,,,2,Medium,31.8,Normal,0,0,0,0,-0.46812084121188996,-0.32904210741509976
2026-03-25 17:39:12,live,,,2,Medium,31.8,Normal,0,0,0,0,-0.46812084121188996,-0.32904210741509976
2026-03-25 17:39:13,live,,,2,Medium,31.8,Normal,0,0,0,0,-0.46812084121188996,-0.32904210741509976
2026-03-25 17:39:15,live,,,2,Medium,31.8,Normal,0,0,0,0,-0.46812084121188996,-0.32904210741509976
2026-03-25 17:39:16,live,,,2,Medium,31.8,Normal,0,0,0,0,-0.46812084121188996,-0.32904210741509976
2026-03-25 17:39:17,live,,,2,Medium,31.8,Normal,0,0,0,0,-0.46812084121188996,-0.32904210741509976
2026-03-25 17:39:18,live,,,2,Medium,31.8,Normal,0,0,0,0,-0.46812084121188996,-0.32904210741509976
2026-03-25 17:39:19,live,,,2,Medium,31.8,Normal,0,0,0,0,-0.46812084121188996,-0.32904210741509976
2026-03-25 17:39:21,live,,,2,Medium,31.8,Normal,0,0,0,0,-0.46812084121188996,-0.32904210741509976
2026-03-25 17:39:22,live,,,2,Medium,31.8,Normal,0,0,0,0,-0.46812084121188996,-0.32904210741509976
2026-03-25 17:39:23,live,,,2,Medium,31.8,Normal,0,0,0,0,-0.46812084121188996,-0.32904210741509976
2026-03-25 17:39:24,live,,,2,Medium,31.8,Normal,0,0,0,0,-0.46812084121188996,-0.32904210741509976
2026-03-25 17:39:25,live,,,2,Medium,31.8,Normal,0,0,0,0,-0.46812084121188996,-0.32904210741509976
2026-03-25 17:39:26,live,,,2,Medium,31.8,Normal,0,0,0,0,-0.46812084121188996,-0.32904210741509976
2026-03-25 17:39:26,live,,,2,Medium,31.8,Normal,0,0,0,0,-0.46812084121188996,-0.32904210741509976
2026-03-25 17:39:27,live,,,2,Medium,31.8,Normal,0,0,0,0,-0.46812084121188996,-0.32904210741509976
2026-03-25 17:39:27,live,,,2,Medium,31.8,Normal,0,0,0,0,-0.46812084121188996,-0.32904210741509976
2026-03-25 17:39:28,live,,,2,Medium,31.8,Normal,0,0,0,0,-0.46812084121188996,-0.32904210741509976
2026-03-25 17:39:28,live,,,2,Medium,31.8,Normal,0,0,0,0,-0.46812084121188996,-0.32904210741509976
2026-03-25 17:39:29,live,,,2,Medium,31.8,Normal,0,0,0,0,-0.46812084121188996,-0.32904210741509976
2026-03-25 17:39:30,live,,,2,Medium,31.8,Normal,0,0,0,0,-0.46812084121188996,-0.32904210741509976
2026-03-25 17:39:30,live,,,2,Medium,31.8,Normal,0,0,0,0,-0.46812084121188996,-0.32904210741509976
2026-03-25 17:39:31,live,,,2,Medium,31.8,Normal,0,0,0,0,-0.46812084121188996,-0.32904210741509976
2026-03-25 17:39:32,live,,,2,Medium,31.8,Normal,0,0,0,0,-0.46812084121188996,-0.32904210741509976
2026-03-25 17:39:34,live,,,2,Medium,31.8,Normal,0,0,0,0,-0.46812084121188996,-0.32904210741509976
2026-03-25 17:39:35,live,,,2,Medium,31.8,Normal,0,0,0,0,-0.46812084121188996,-0.32904210741509976
2026-03-25 17:39:36,live,,,2,Medium,31.8,Normal,0,0,0,0,-0.46812084121188996,-0.32904210741509976
2026-03-25 17:39:37,live,,,2,Medium,31.8,Normal,0,0,0,0,-0.46812084121188996,-0.32904210741509976
2026-03-25 17:39:38,live,,,2,Medium,31.8,Normal,0,0,0,0,-0.46812084121188996,-0.32904210741509976
2026-03-25 17:39:39,live,,,2,Medium,31.8,Normal,0,0,0,0,-0.46812084121188996,-0.32904210741509976
2026-03-25 17:39:40,live,,,2,Medium,31.8,Normal,0,0,0,0,-0.46812084121188996,-0.32904210741509976
2026-03-25 17:39:42,live,,,2,Medium,31.8,Normal,0,0,0,0,-0.46812084121188996,-0.32904210741509976
2026-03-25 17:39:43,live,,,2,Medium,31.8,Normal,0,0,0,0,-0.46812084121188996,-0.32904210741509976
2026-03-25 17:39:44,live,,,2,Medium,31.8,Normal,0,0,0,0,-0.46812084121188996,-0.32904210741509976
2026-03-25 17:39:45,live,,,2,Medium,31.8,Normal,0,0,0,0,-0.46812084121188996,-0.32904210741509976
2026-03-25 17:39:46,live,,,2,Medium,31.8,Normal,0,0,0,0,-0.46812084121188996,-0.32904210741509976
2026-03-25 17:39:47,live,,,2,Medium,31.8,Normal,0,0,0,0,-0.46812084121188996,-0.32904210741509976
2026-03-25 17:39:48,live,,,2,Medium,31.8,Normal,0,0,0,0,-0.46812084121188996,-0.32904210741509976
2026-03-25 17:39:50,live,,,2,Medium,31.8,Normal,0,0,0,0,-0.46812084121188996,-0.32904210741509976
2026-03-25 17:39:51,live,,,2,Medium,31.8,Normal,0,0,0,0,-0.46812084121188996,-0.32904210741509976
2026-03-25 17:39:52,live,,,2,Medium,31.8,Normal,0,0,0,0,-0.46812084121188996,-0.32904210741509976
2026-03-25 17:39:53,live,,,2,Medium,31.8,Normal,0,0,0,0,-0.46812084121188996,-0.32904210741509976
2026-03-25 17:39:55,live,,,2,Medium,31.8,Normal,0,0,0,0,-0.46812084121188996,-0.32904210741509976
2026-03-25 17:39:56,live,,,2,Medium,31.8,Normal,0,0,0,0,-0.46812084121188996,-0.32904210741509976
2026-03-25 17:39:57,live,,,2,Medium,31.8,Normal,0,0,0,0,-0.46812084121188996,-0.32904210741509976
2026-03-25 17:39:58,live,,,2,Medium,31.8,Normal,0,0,0,0,-0.46812084121188996,-0.32904210741509976
2026-03-25 17:39:59,live,,,2,Medium,31.8,Normal,0,0,0,0,-0.46812084121188996,-0.32904210741509976
2026-03-25 17:40:01,live,,,2,Medium,31.8,Normal,0,0,0,0,-0.46812084121188996,-0.32904210741509976
2026-03-25 17:40:02,live,,,2,Medium,31.8,Normal,0,0,0,0,-0.46812084121188996,-0.32904210741509976
2026-03-25 17:40:03,live,,,2,Medium,31.8,Normal,0,0,0,0,-0.46812084121188996,-0.32904210741509976
2026-03-25 17:40:05,live,,,2,Medium,31.8,Normal,0,0,0,0,-0.46812084121188996,-0.32904210741509976
2026-03-25 17:40:06,live,,,2,Medium,31.8,Normal,0,0,0,0,-0.46812084121188996,-0.32904210741509976
2026-03-25 17:40:07,live,,,2,Medium,31.8,Normal,0,0,0,0,-0.46812084121188996,-0.32904210741509976
2026-03-25 17:40:08,live,,,2,Medium,31.8,Normal,0,0,0,0,-0.46812084121188996,-0.32904210741509976
2026-03-25 17:40:08,live,,,2,Medium,31.8,Normal,0,0,0,0,-0.46812084121188996,-0.32904210741509976
2026-03-25 17:40:09,live,,,2,Medium,31.8,Normal,0,0,0,0,-0.46812084121188996,-0.32904210741509976
2026-03-25 17:40:09,live,,,2,Medium,31.8,Normal,0,0,0,0,-0.46812084121188996,-0.32904210741509976
2026-03-25 17:40:10,live,,,2,Medium,31.8,Normal,0,0,0,0,-0.46812084121188996,-0.32904210741509976
2026-03-25 17:40:10,live,,,2,Medium,31.8,Normal,0,0,0,0,-0.46812084121188996,-0.32904210741509976
2026-03-25 17:40:11,live,,,2,Medium,31.8,Normal,0,0,0,0,-0.46812084121188996,-0.32904210741509976
2026-03-25 17:40:12,live,,,2,Medium,31.8,Normal,0,0,0,0,-0.46812084121188996,-0.32904210741509976
2026-03-25 17:40:12,live,,,2,Medium,31.8,Normal,0,0,0,0,-0.46812084121188996,-0.32904210741509976
2026-03-25 17:40:13,live,,,2,Medium,31.8,Normal,0,0,0,0,-0.46812084121188996,-0.32904210741509976
2026-03-25 17:40:13,live,,,2,Medium,31.8,Normal,0,0,0,0,-0.46812084121188996,-0.32904210741509976
2026-03-25 17:40:14,live,,,2,Medium,31.8,Normal,0,0,0,0,-0.46812084121188996,-0.32904210741509976
2026-03-25 17:40:15,live,,,2,Medium,31.8,Normal,0,0,0,0,-0.46812084121188996,-0.32904210741509976
2026-03-25 17:40:15,live,,,2,Medium,31.8,Normal,0,0,0,0,-0.46812084121188996,-0.32904210741509976
2026-03-25 17:40:16,live,,,2,Medium,31.8,Normal,0,0,0,0,-0.46812084121188996,-0.32904210741509976
2026-03-25 17:40:16,live,,,2,Medium,31.8,Normal,0,0,0,0,-0.46812084121188996,-0.32904210741509976
2026-03-25 17:40:17,live,,,2,Medium,31.8,Normal,0,0,0,0,-0.46812084121188996,-0.32904210741509976
2026-03-25 17:40:17,live,,,2,Medium,31.8,Normal,0,0,0,0,-0.46812084121188996,-0.32904210741509976
2026-03-25 17:40:18,live,,,2,Medium,31.8,Normal,0,0,0,0,-0.46812084121188996,-0.32904210741509976
2026-03-25 17:40:19,live,,,2,Medium,31.8,Normal,0,0,0,0,-0.46812084121188996,-0.32904210741509976
2026-03-25 17:40:19,live,,,2,Medium,31.8,Normal,0,0,0,0,-0.46812084121188996,-0.32904210741509976
2026-03-25 17:40:20,live,,,2,Medium,31.8,Normal,0,0,0,0,-0.46812084121188996,-0.32904210741509976
2026-03-25 17:40:20,live,,,2,Medium,31.8,Normal,0,0,0,0,-0.46812084121188996,-0.32904210741509976
2026-03-25 17:40:21,live,,,2,Medium,31.8,Normal,0,0,0,0,-0.46812084121188996,-0.32904210741509976
2026-03-25 17:40:21,live,,,2,Medium,31.8,Normal,0,0,0,0,-0.46812084121188996,-0.32904210741509976
2026-03-25 17:40:22,live,,,2,Medium,31.8,Normal,0,0,0,0,-0.46812084121188996,-0.32904210741509976
2026-03-25 17:40:22,live,,,2,Medium,31.8,Normal,0,0,0,0,-0.46812084121188996,-0.32904210741509976
2026-03-25 17:40:23,live,,,2,Medium,31.8,Normal,0,0,0,0,-0.46812084121188996,-0.32904210741509976
2026-03-25 17:40:24,live,,,2,Medium,31.8,Normal,0,0,0,0,-0.46812084121188996,-0.32904210741509976
2026-03-25 17:40:24,live,,,2,Medium,31.8,Normal,0,0,0,0,-0.46812084121188996,-0.32904210741509976
2026-03-25 17:40:25,live,,,2,Medium,31.8,Normal,0,0,0,0,-0.46812084121188996,-0.32904210741509976
2026-03-25 17:40:25,live,,,2,Medium,31.8,Normal,0,0,0,0,-0.46812084121188996,-0.32904210741509976
2026-03-25 17:40:26,live,,,2,Medium,31.8,Normal,0,0,0,0,-0.46812084121188996,-0.32904210741509976
2026-03-25 17:40:26,live,,,2,Medium,31.8,Normal,0,0,0,0,-0.46812084121188996,-0.32904210741509976
2026-03-25 17:40:27,live,,,2,Medium,31.8,Normal,0,0,0,0,-0.46812084121188996,-0.32904210741509976
2026-03-25 17:40:28,live,,,2,Medium,31.8,Normal,0,0,0,0,-0.46812084121188996,-0.32904210741509976
2026-03-25 17:40:28,live,,,2,Medium,31.8,Normal,0,0,0,0,-0.46812084121188996,-0.32904210741509976
2026-03-25 17:40:29,live,,,2,Medium,31.8,Normal,0,0,0,0,-0.46812084121188996,-0.32904210741509976
2026-03-25 17:40:29,live,,,2,Medium,31.8,Normal,0,0,0,0,-0.46812084121188996,-0.32904210741509976
2026-03-25 17:40:30,live,,,2,Medium,31.8,Normal,0,0,0,0,-0.46812084121188996,-0.32904210741509976
2026-03-25 17:40:30,live,,,2,Medium,31.8,Normal,0,0,0,0,-0.46812084121188996,-0.32904210741509976
2026-03-25 17:40:31,live,,,2,Medium,31.8,Normal,0,0,0,0,-0.46812084121188996,-0.32904210741509976
2026-03-25 17:40:32,live,,,2,Medium,31.8,Normal,0,0,0,0,-0.46812084121188996,-0.32904210741509976
2026-03-25 17:40:32,live,,,2,Medium,31.8,Normal,0,0,0,0,-0.46812084121188996,-0.32904210741509976
2026-03-25 17:40:33,live,,,2,Medium,31.8,Normal,0,0,0,0,-0.46812084121188996,-0.32904210741509976
2026-03-25 17:40:33,live,,,2,Medium,31.8,Normal,0,0,0,0,-0.46812084121188996,-0.32904210741509976
2026-03-25 17:40:34,live,,,2,Medium,31.8,Normal,0,0,0,0,-0.46812084121188996,-0.32904210741509976
2026-03-25 17:40:34,live,,,2,Medium,31.8,Normal,0,0,0,0,-0.46812084121188996,-0.32904210741509976
2026-03-25 17:40:35,live,,,2,Medium,31.8,Normal,0,0,0,0,-0.46812084121188996,-0.32904210741509976
2026-03-25 17:40:35,live,,,2,Medium,31.8,Normal,0,0,0,0,-0.46812084121188996,-0.32904210741509976
2026-03-25 17:40:36,live,,,2,Medium,31.8,Normal,0,0,0,0,-0.46812084121188996,-0.32904210741509976
2026-03-25 17:40:37,live,,,2,Medium,31.8,Normal,0,0,0,0,-0.46812084121188996,-0.32904210741509976
2026-03-25 17:40:37,live,,,2,Medium,31.8,Normal,0,0,0,0,-0.46812084121188996,-0.32904210741509976
2026-03-25 17:40:38,live,,,2,Medium,31.8,Normal,0,0,0,0,-0.46812084121188996,-0.32904210741509976
2026-03-25 17:40:38,live,,,2,Medium,31.8,Normal,0,0,0,0,-0.46812084121188996,-0.32904210741509976
2026-03-25 17:40:39,live,,,2,Medium,31.8,Normal,0,0,0,0,-0.46812084121188996,-0.32904210741509976
2026-03-25 17:40:40,live,,,2,Medium,31.8,Normal,0,0,0,0,-0.46812084121188996,-0.32904210741509976
2026-03-25 17:40:40,live,,,2,Medium,31.8,Normal,0,0,0,0,-0.46812084121188996,-0.32904210741509976
2026-03-25 17:40:41,live,,,2,Medium,31.8,Normal,0,0,0,0,-0.46812084121188996,-0.32904210741509976
2026-03-25 17:40:41,live,,,2,Medium,31.8,Normal,0,0,0,0,-0.46812084121188996,-0.32904210741509976
2026-03-25 17:40:42,live,,,2,Medium,31.8,Normal,0,0,0,0,-0.46812084121188996,-0.32904210741509976
2026-03-25 17:40:42,live,,,2,Medium,31.8,Normal,0,0,0,0,-0.46812084121188996,-0.32904210741509976
2026-03-25 17:40:43,live,,,2,Medium,31.8,Normal,0,0,0,0,-0.46812084121188996,-0.32904210741509976
2026-03-25 17:40:44,live,,,2,Medium,31.8,Normal,0,0,0,0,-0.46812084121188996,-0.32904210741509976
2026-03-25 17:40:44,live,,,2,Medium,31.8,Normal,0,0,0,0,-0.46812084121188996,-0.32904210741509976
2026-03-25 17:40:45,live,,,2,Medium,31.8,Normal,0,0,0,0,-0.46812084121188996,-0.32904210741509976
2026-03-25 17:40:45,live,,,2,Medium,31.8,Normal,0,0,0,0,-0.46812084121188996,-0.32904210741509976
2026-03-25 17:40:46,live,,,2,Medium,31.8,Normal,0,0,0,0,-0.46812084121188996,-0.32904210741509976
2026-03-25 17:40:46,live,,,2,Medium,31.8,Normal,0,0,0,0,-0.46812084121188996,-0.32904210741509976
2026-03-25 17:40:47,live,,,2,Medium,31.8,Normal,0,0,0,0,-0.46812084121188996,-0.32904210741509976
2026-03-25 17:40:47,live,,,2,Medium,31.8,Normal,0,0,0,0,-0.46812084121188996,-0.32904210741509976
2026-03-25 17:40:48,live,,,2,Medium,31.8,Normal,0,0,0,0,-0.46812084121188996,-0.32904210741509976
2026-03-25 17:40:48,live,,,2,Medium,31.8,Normal,0,0,0,0,-0.46812084121188996,-0.32904210741509976
2026-03-25 17:40:49,live,,,2,Medium,31.8,Normal,0,0,0,0,-0.46812084121188996,-0.32904210741509976
2026-03-25 17:40:49,live,,,2,Medium,31.8,Normal,0,0,0,0,-0.46812084121188996,-0.32904210741509976
2026-03-25 17:40:50,live,,,2,Medium,31.8,Normal,0,0,0,0,-0.46812084121188996,-0.32904210741509976
2026-03-25 17:40:51,live,,,2,Medium,31.8,Normal,0,0,0,0,-0.46812084121188996,-0.32904210741509976
2026-03-25 17:40:51,live,,,2,Medium,31.8,Normal,0,0,0,0,-0.46812084121188996,-0.32904210741509976
2026-03-25 17:40:52,live,,,2,Medium,31.8,Normal,0,0,0,0,-0.46812084121188996,-0.32904210741509976
2026-03-25 17:40:52,live,,,2,Medium,31.8,Normal,0,0,0,0,-0.46812084121188996,-0.32904210741509976
2026-03-25 17:40:53,live,,,2,Medium,31.8,Normal,0,0,0,0,-0.46812084121188996,-0.32904210741509976
2026-03-25 17:40:53,live,,,2,Medium,31.8,Normal,0,0,0,0,-0.46812084121188996,-0.32904210741509976
2026-03-25 17:40:54,live,,,2,Medium,31.8,Normal,0,0,0,0,-0.46812084121188996,-0.32904210741509976
2026-03-25 17:40:54,live,,,2,Medium,31.8,Normal,0,0,0,0,-0.46812084121188996,-0.32904210741509976
2026-03-25 17:40:55,live,,,2,Medium,31.8,Normal,0,0,0,0,-0.46812084121188996,-0.32904210741509976
2026-03-25 17:40:55,live,,,2,Medium,31.8,Normal,0,0,0,0,-0.46812084121188996,-0.32904210741509976
2026-03-25 17:40:56,live,,,2,Medium,31.8,Normal,0,0,0,0,-0.46812084121188996,-0.32904210741509976
2026-03-25 17:40:57,live,,,2,Medium,31.8,Normal,0,0,0,0,-0.46812084121188996,-0.32904210741509976
2026-03-25 17:40:58,live,,,2,Medium,31.8,Normal,0,0,0,0,-0.46812084121188996,-0.32904210741509976
2026-03-25 17:40:59,live,,,2,Medium,31.8,Normal,0,0,0,0,-0.46812084121188996,-0.32904210741509976
2026-03-25 17:41:00,live,,,2,Medium,31.8,Normal,0,0,0,0,-0.46812084121188996,-0.32904210741509976
2026-03-25 17:41:02,live,,,2,Medium,31.8,Normal,0,0,0,0,-0.46812084121188996,-0.32904210741509976
2026-03-25 17:41:03,live,,,2,Medium,31.8,Normal,0,0,0,0,-0.46812084121188996,-0.32904210741509976
2026-03-25 17:41:04,live,,,2,Medium,31.8,Normal,0,0,0,0,-0.46812084121188996,-0.32904210741509976
2026-03-25 17:41:05,live,,,2,Medium,31.8,Normal,0,0,0,0,-0.46812084121188996,-0.32904210741509976
2026-03-25 17:41:07,live,,,2,Medium,31.8,Normal,0,0,0,0,-0.46812084121188996,-0.32904210741509976
2026-03-25 17:41:08,live,,,2,Medium,31.8,Normal,0,0,0,0,-0.46812084121188996,-0.32904210741509976
2026-03-25 17:41:09,live,,,2,Medium,31.8,Normal,0,0,0,0,-0.46812084121188996,-0.32904210741509976
2026-03-25 17:41:09,live,,,2,Medium,31.8,Normal,0,0,0,0,-0.46812084121188996,-0.32904210741509976
2026-03-25 17:41:10,live,,,2,Medium,31.8,Normal,0,0,0,0,-0.46812084121188996,-0.32904210741509976
2026-03-25 17:41:11,live,,,2,Medium,31.8,Normal,0,0,0,0,-0.46812084121188996,-0.32904210741509976
2026-03-25 17:41:11,live,,,2,Medium,31.8,Normal,0,0,0,0,-0.46812084121188996,-0.32904210741509976
2026-03-25 17:41:12,live,,,2,Medium,31.8,Normal,0,0,0,0,-0.46812084121188996,-0.32904210741509976
2026-03-25 17:41:12,live,,,2,Medium,31.8,Normal,0,0,0,0,-0.46812084121188996,-0.32904210741509976
2026-03-25 17:41:13,live,,,2,Medium,31.8,Normal,0,0,0,0,-0.46812084121188996,-0.32904210741509976
2026-03-25 17:41:13,live,,,2,Medium,31.8,Normal,0,0,0,0,-0.46812084121188996,-0.32904210741509976
2026-03-25 17:41:14,live,,,2,Medium,31.8,Normal,0,0,0,0,-0.46812084121188996,-0.32904210741509976
2026-03-25 17:41:15,live,,,2,Medium,31.8,Normal,0,0,0,0,-0.46812084121188996,-0.32904210741509976
2026-03-25 17:41:15,live,,,2,Medium,31.8,Normal,0,0,0,0,-0.46812084121188996,-0.32904210741509976
2026-03-25 17:41:16,live,,,2,Medium,31.8,Normal,0,0,0,0,-0.46812084121188996,-0.32904210741509976
2026-03-25 17:41:16,live,,,2,Medium,31.8,Normal,0,0,0,0,-0.46812084121188996,-0.32904210741509976
2026-03-25 17:41:17,live,,,2,Medium,31.8,Normal,0,0,0,0,-0.46812084121188996,-0.32904210741509976
2026-03-25 17:41:17,live,,,2,Medium,31.8,Normal,0,0,0,0,-0.46812084121188996,-0.32904210741509976
2026-03-25 17:41:18,live,,,2,Medium,31.8,Normal,0,0,0,0,-0.46812084121188996,-0.32904210741509976
2026-03-25 17:41:19,live,,,2,Medium,31.8,Normal,0,0,0,0,-0.46812084121188996,-0.32904210741509976
2026-03-25 17:41:19,live,,,2,Medium,31.8,Normal,0,0,0,0,-0.46812084121188996,-0.32904210741509976
2026-03-25 17:41:20,live,,,2,Medium,31.8,Normal,0,0,0,0,-0.46812084121188996,-0.32904210741509976
2026-03-25 17:41:20,live,,,2,Medium,31.8,Normal,0,0,0,0,-0.46812084121188996,-0.32904210741509976
2026-03-25 17:41:21,live,,,2,Medium,31.8,Normal,0,0,0,0,-0.46812084121188996,-0.32904210741509976
2026-03-25 17:41:21,live,,,2,Medium,31.8,Normal,0,0,0,0,-0.46812084121188996,-0.32904210741509976
2026-03-25 17:41:22,live,,,2,Medium,31.8,Normal,0,0,0,0,-0.46812084121188996,-0.32904210741509976
2026-03-25 17:41:23,live,,,2,Medium,31.8,Normal,0,0,0,0,-0.46812084121188996,-0.32904210741509976
2026-03-25 17:41:23,live,,,2,Medium,31.8,Normal,0,0,0,0,-0.46812084121188996,-0.32904210741509976
2026-03-25 17:41:24,live,,,2,Medium,31.8,Normal,0,0,0,0,-0.46812084121188996,-0.32904210741509976
2026-03-25 17:41:24,live,,,2,Medium,31.8,Normal,0,0,0,0,-0.46812084121188996,-0.32904210741509976
2026-03-25 17:41:28,live,,,2,Medium,31.9,Normal,0,0,0,0,-0.4617735855727828,-0.32904210741509976
2026-03-25 17:41:28,live,,,2,Medium,31.9,Normal,0,0,0,0,-0.4617735855727828,-0.32904210741509976
2026-03-25 17:41:29,live,,,2,Medium,31.9,Normal,0,0,0,0,-0.4617735855727828,-0.32904210741509976
2026-03-25 17:41:29,live,,,2,Medium,31.9,Normal,0,0,0,0,-0.4617735855727828,-0.32904210741509976
2026-03-25 17:41:30,live,,,2,Medium,31.9,Normal,0,0,0,0,-0.4617735855727828,-0.32904210741509976
2026-03-25 17:41:30,live,,,2,Medium,31.9,Normal,0,0,0,0,-0.4617735855727828,-0.32904210741509976
2026-03-25 17:41:31,live,,,2,Medium,31.9,Normal,0,0,0,0,-0.4617735855727828,-0.32904210741509976
2026-03-25 17:41:31,live,,,2,Medium,31.9,Normal,0,0,0,0,-0.4617735855727828,-0.32904210741509976
2026-03-25 17:41:32,live,,,2,Medium,31.9,Normal,0,0,0,0,-0.4617735855727828,-0.32904210741509976
2026-03-25 17:41:33,live,,,2,Medium,31.9,Normal,0,0,0,0,-0.4617735855727828,-0.32904210741509976
2026-03-25 17:41:33,live,,,2,Medium,31.9,Normal,0,0,0,0,-0.4617735855727828,-0.32904210741509976
2026-03-25 17:41:34,live,,,2,Medium,31.9,Normal,0,0,0,0,-0.4617735855727828,-0.32904210741509976
2026-03-25 17:41:34,live,,,2,Medium,31.9,Normal,0,0,0,0,-0.4617735855727828,-0.32904210741509976
2026-03-25 17:41:35,live,,,2,Medium,31.9,Normal,0,0,0,0,-0.4617735855727828,-0.32904210741509976
2026-03-25 17:41:35,live,,,2,Medium,31.9,Normal,0,0,0,0,-0.4617735855727828,-0.32904210741509976
2026-03-25 17:41:36,live,,,2,Medium,31.9,Normal,0,0,0,0,-0.4617735855727828,-0.32904210741509976
2026-03-25 17:41:36,live,,,2,Medium,31.9,Normal,0,0,0,0,-0.4617735855727828,-0.32904210741509976
2026-03-25 17:41:37,live,,,2,Medium,31.9,Normal,0,0,0,0,-0.4617735855727828,-0.32904210741509976
2026-03-25 17:41:38,live,,,2,Medium,31.9,Normal,0,0,0,0,-0.4617735855727828,-0.32904210741509976
2026-03-25 17:41:38,live,,,2,Medium,31.9,Normal,0,0,0,0,-0.4617735855727828,-0.32904210741509976
2026-03-25 17:41:39,live,,,2,Medium,31.9,Normal,0,0,0,0,-0.4617735855727828,-0.32904210741509976
2026-03-25 17:41:40,live,,,2,Medium,31.9,Normal,0,0,0,0,-0.4617735855727828,-0.32904210741509976
2026-03-25 17:41:42,live,,,2,Medium,31.9,Normal,0,0,0,0,-0.4617735855727828,-0.32904210741509976
2026-03-25 17:41:43,live,,,2,Medium,31.9,Normal,0,0,0,0,-0.4617735855727828,-0.32904210741509976
2026-03-25 17:41:44,live,,,2,Medium,31.9,Normal,0,0,0,0,-0.4617735855727828,-0.32904210741509976
2026-03-25 17:41:45,live,,,2,Medium,31.9,Normal,0,0,0,0,-0.4617735855727828,-0.32904210741509976
2026-03-25 17:42:12,live,,,1,Medium,28.4,Normal,0,0,0,0,-0.42281082500851375,-0.32904210741509976
2026-03-25 17:42:13,live,,,1,Medium,28.4,Normal,0,0,0,0,-0.42281082500851375,-0.32904210741509976
2026-03-25 17:42:13,live,,,1,Medium,28.4,Normal,0,0,0,0,-0.42281082500851375,-0.32904210741509976
2026-03-25 17:42:14,live,,,1,Medium,28.4,Normal,0,0,0,0,-0.42281082500851375,-0.32904210741509976
2026-03-25 17:42:15,live,,,1,Medium,28.4,Normal,0,0,0,0,-0.42281082500851375,-0.32904210741509976
2026-03-25 17:42:16,live,,,1,Medium,28.4,Normal,0,0,0,0,-0.42281082500851375,-0.32904210741509976
2026-03-25 17:42:17,live,,,1,Medium,28.4,Normal,0,0,0,0,-0.42281082500851375,-0.32904210741509976
2026-03-25 17:42:18,live,,,1,Medium,28.4,Normal,0,0,0,0,-0.42281082500851375,-0.32904210741509976
2026-03-25 17:42:19,live,,,1,Medium,28.4,Normal,0,0,0,0,-0.42281082500851375,-0.32904210741509976
2026-03-25 17:42:23,live,,,1,Medium,28.4,Normal,0,0,0,0,-0.42281082500851375,-0.32904210741509976
2026-03-25 17:42:25,live,,,1,Medium,28.4,Normal,0,0,0,0,-0.42281082500851375,-0.32904210741509976
2026-03-25 17:42:27,live,,,1,Medium,28.4,Normal,0,0,0,0,-0.42281082500851375,-0.32904210741509976
2026-03-25 17:42:27,live,,,1,Medium,28.4,Normal,0,0,0,0,-0.42281082500851375,-0.32904210741509976
2026-03-25 17:42:29,live,,,1,Medium,28.4,Normal,0,0,0,0,-0.42281082500851375,-0.32904210741509976
2026-03-25 17:42:30,live,,,1,Medium,28.4,Normal,0,0,0,0,-0.42281082500851375,-0.32904210741509976
2026-03-25 17:42:31,live,,,1,Medium,28.4,Normal,0,0,0,0,-0.42281082500851375,-0.32904210741509976
2026-03-25 17:42:32,live,,,1,Medium,28.4,Normal,0,0,0,0,-0.42281082500851375,-0.32904210741509976
2026-03-25 17:42:33,live,,,1,Medium,28.4,Normal,0,0,0,0,-0.42281082500851375,-0.32904210741509976
2026-03-25 17:42:34,live,,,1,Medium,28.4,Normal,0,0,0,0,-0.42281082500851375,-0.32904210741509976
2026-03-25 17:42:35,live,,,1,Medium,28.4,Normal,0,0,0,0,-0.42281082500851375,-0.32904210741509976
2026-03-25 17:42:37,live,,,1,Medium,28.4,Normal,0,0,0,0,-0.42281082500851375,-0.32904210741509976
2026-03-25 17:42:38,live,,,1,Medium,28.4,Normal,0,0,0,0,-0.42281082500851375,-0.32904210741509976
2026-03-25 17:42:39,live,,,1,Medium,28.4,Normal,0,0,0,0,-0.42281082500851375,-0.32904210741509976
2026-03-25 17:42:40,live,,,1,Medium,28.4,Normal,0,0,0,0,-0.42281082500851375,-0.32904210741509976
2026-03-25 17:42:41,live,,,1,Medium,28.4,Normal,0,0,0,0,-0.42281082500851375,-0.32904210741509976
2026-03-25 17:42:42,live,,,1,Medium,28.4,Normal,0,0,0,0,-0.42281082500851375,-0.32904210741509976
2026-03-25 17:42:44,live,,,1,Medium,28.4,Normal,0,0,0,0,-0.42281082500851375,-0.32904210741509976
2026-03-25 17:42:45,live,,,1,Medium,28.4,Normal,0,0,0,0,-0.42281082500851375,-0.32904210741509976
2026-03-25 17:42:46,live,,,1,Medium,28.4,Normal,0,0,0,0,-0.42281082500851375,-0.32904210741509976
2026-03-25 17:42:47,live,,,1,Medium,28.4,Normal,0,0,0,0,-0.42281082500851375,-0.32904210741509976
2026-03-25 17:42:49,live,,,1,Medium,28.4,Normal,0,0,0,0,-0.42281082500851375,-0.32904210741509976
2026-03-25 17:42:50,live,,,1,Medium,28.4,Normal,0,0,0,0,-0.42281082500851375,-0.32904210741509976
2026-03-25 17:42:51,live,,,1,Medium,28.4,Normal,0,0,0,0,-0.42281082500851375,-0.32904210741509976
2026-03-25 17:42:52,live,,,1,Medium,28.4,Normal,0,0,0,0,-0.42281082500851375,-0.32904210741509976
2026-03-25 17:42:54,live,,,1,Medium,28.4,Normal,0,0,0,0,-0.42281082500851375,-0.32904210741509976
2026-03-25 17:42:55,live,,,1,Medium,28.4,Normal,0,0,0,0,-0.42281082500851375,-0.32904210741509976
2026-03-25 17:42:56,live,,,1,Medium,28.4,Normal,0,0,0,0,-0.42281082500851375,-0.32904210741509976
2026-03-25 17:42:57,live,,,1,Medium,28.4,Normal,0,0,0,0,-0.42281082500851375,-0.32904210741509976
2026-03-25 17:42:59,live,,,1,Medium,28.4,Normal,0,0,0,0,-0.42281082500851375,-0.32904210741509976
2026-03-25 17:43:00,live,,,1,Medium,28.4,Normal,0,0,0,0,-0.42281082500851375,-0.32904210741509976
2026-03-25 17:43:01,live,,,1,Medium,28.4,Normal,0,0,0,0,-0.42281082500851375,-0.32904210741509976
2026-03-25 17:43:02,live,,,1,Medium,28.4,Normal,0,0,0,0,-0.42281082500851375,-0.32904210741509976
2026-03-25 17:43:04,live,,,1,Medium,28.4,Normal,0,0,0,0,-0.42281082500851375,-0.32904210741509976
2026-03-25 17:43:05,live,,,1,Medium,28.4,Normal,0,0,0,0,-0.42281082500851375,-0.32904210741509976
2026-03-25 17:43:06,live,,,1,Medium,28.4,Normal,0,0,0,0,-0.42281082500851375,-0.32904210741509976
2026-03-25 17:43:08,live,,,1,Medium,28.4,Normal,0,0,0,0,-0.42281082500851375,-0.32904210741509976
2026-03-25 17:43:09,live,,,1,Medium,28.4,Normal,0,0,0,0,-0.42281082500851375,-0.32904210741509976
2026-03-25 17:43:10,live,,,1,Medium,28.4,Normal,0,0,0,0,-0.42281082500851375,-0.32904210741509976
2026-03-25 17:43:11,live,,,1,Medium,28.4,Normal,0,0,0,0,-0.42281082500851375,-0.32904210741509976
2026-03-25 17:43:13,live,,,1,Medium,28.4,Normal,0,0,0,0,-0.42281082500851375,-0.32904210741509976
2026-03-25 17:43:14,live,,,1,Medium,28.4,Normal,0,0,0,0,-0.42281082500851375,-0.32904210741509976
2026-03-25 17:43:15,live,,,1,Medium,28.4,Normal,0,0,0,0,-0.42281082500851375,-0.32904210741509976
2026-03-25 17:43:16,live,,,1,Medium,28.4,Normal,0,0,0,0,-0.42281082500851375,-0.32904210741509976
2026-03-25 17:43:17,live,,,1,Medium,28.4,Normal,0,0,0,0,-0.42281082500851375,-0.32904210741509976
2026-03-25 17:43:19,live,,,1,Medium,28.4,Normal,0,0,0,0,-0.42281082500851375,-0.32904210741509976
2026-03-25 17:43:20,live,,,1,Medium,28.4,Normal,0,0,0,0,-0.42281082500851375,-0.32904210741509976
2026-03-25 17:43:21,live,,,1,Medium,28.4,Normal,0,0,0,0,-0.42281082500851375,-0.32904210741509976
2026-03-25 17:43:22,live,,,1,Medium,28.4,Normal,0,0,0,0,-0.42281082500851375,-0.32904210741509976
2026-03-25 17:43:24,live,,,1,Medium,28.4,Normal,0,0,0,0,-0.42281082500851375,-0.32904210741509976
2026-03-25 17:43:25,live,,,1,Medium,28.4,Normal,0,0,0,0,-0.42281082500851375,-0.32904210741509976
2026-03-25 17:43:26,live,,,1,Medium,28.4,Normal,0,0,0,0,-0.42281082500851375,-0.32904210741509976
2026-03-25 17:43:27,live,,,1,Medium,28.4,Normal,0,0,0,0,-0.42281082500851375,-0.32904210741509976
2026-03-25 17:43:29,live,,,1,Medium,28.4,Normal,0,0,0,0,-0.42281082500851375,-0.32904210741509976
2026-03-25 17:43:30,live,,,1,Medium,28.4,Normal,0,0,0,0,-0.42281082500851375,-0.32904210741509976
2026-03-25 17:43:31,live,,,1,Medium,28.4,Normal,0,0,0,0,-0.42281082500851375,-0.32904210741509976
2026-03-25 17:43:32,live,,,1,Medium,28.4,Normal,0,0,0,0,-0.42281082500851375,-0.32904210741509976
2026-03-25 17:43:33,live,,,1,Medium,28.4,Normal,0,0,0,0,-0.42281082500851375,-0.32904210741509976
2026-03-25 17:43:34,live,,,1,Medium,28.4,Normal,0,0,0,0,-0.42281082500851375,-0.32904210741509976
2026-03-25 17:43:36,live,,,1,Medium,28.4,Normal,0,0,0,0,-0.42281082500851375,-0.32904210741509976
2026-03-25 17:43:37,live,,,1,Medium,28.4,Normal,0,0,0,0,-0.42281082500851375,-0.32904210741509976
2026-03-25 17:43:38,live,,,1,Medium,28.4,Normal,0,0,0,0,-0.42281082500851375,-0.32904210741509976
2026-03-25 17:43:39,live,,,1,Medium,28.4,Normal,0,0,0,0,-0.42281082500851375,-0.32904210741509976
2026-03-25 17:43:41,live,,,1,Medium,28.4,Normal,0,0,0,0,-0.42281082500851375,-0.32904210741509976
2026-03-25 17:43:42,live,,,1,Medium,28.4,Normal,0,0,0,0,-0.42281082500851375,-0.32904210741509976
2026-03-25 17:43:43,live,,,1,Medium,28.4,Normal,0,0,0,0,-0.42281082500851375,-0.32904210741509976
2026-03-25 17:43:44,live,,,1,Medium,28.4,Normal,0,0,0,0,-0.42281082500851375,-0.32904210741509976
2026-03-25 17:43:46,live,,,1,Medium,28.4,Normal,0,0,0,0,-0.42281082500851375,-0.32904210741509976
2026-03-25 17:43:47,live,,,1,Medium,28.4,Normal,0,0,0,0,-0.42281082500851375,-0.32904210741509976
2026-03-25 17:43:48,live,,,1,Medium,28.4,Normal,0,0,0,0,-0.42281082500851375,-0.32904210741509976
2026-03-25 17:43:49,live,,,1,Medium,28.4,Normal,0,0,0,0,-0.42281082500851375,-0.32904210741509976
2026-03-25 17:43:50,live,,,1,Medium,28.4,Normal,0,0,0,0,-0.42281082500851375,-0.32904210741509976
2026-03-25 17:43:52,live,,,1,Medium,28.4,Normal,0,0,0,0,-0.42281082500851375,-0.32904210741509976
2026-03-25 17:43:53,live,,,1,Medium,28.4,Normal,0,0,0,0,-0.42281082500851375,-0.32904210741509976
2026-03-25 17:43:54,live,,,1,Medium,28.4,Normal,0,0,0,0,-0.42281082500851375,-0.32904210741509976
2026-03-25 17:43:55,live,,,1,Medium,28.4,Normal,0,0,0,0,-0.42281082500851375,-0.32904210741509976
2026-03-25 17:43:57,live,,,1,Medium,28.4,Normal,0,0,0,0,-0.42281082500851375,-0.32904210741509976
2026-03-25 17:43:58,live,,,1,Medium,28.4,Normal,0,0,0,0,-0.42281082500851375,-0.32904210741509976
2026-03-25 17:43:59,live,,,1,Medium,28.4,Normal,0,0,0,0,-0.42281082500851375,-0.32904210741509976
2026-03-25 17:44:00,live,,,1,Medium,28.4,Normal,0,0,0,0,-0.42281082500851375,-0.32904210741509976
2026-03-25 17:44:02,live,,,1,Medium,28.4,Normal,0,0,0,0,-0.42281082500851375,-0.32904210741509976
2026-03-25 17:44:03,live,,,1,Medium,28.4,Normal,0,0,0,0,-0.42281082500851375,-0.32904210741509976
2026-03-25 17:44:04,live,,,1,Medium,28.4,Normal,0,0,0,0,-0.42281082500851375,-0.32904210741509976
2026-03-25 17:44:05,live,,,1,Medium,28.4,Normal,0,0,0,0,-0.42281082500851375,-0.32904210741509976
2026-03-25 17:44:07,live,,,1,Medium,28.4,Normal,0,0,0,0,-0.42281082500851375,-0.32904210741509976
2026-03-25 17:44:08,live,,,1,Medium,28.4,Normal,0,0,0,0,-0.42281082500851375,-0.32904210741509976
2026-03-25 17:44:09,live,,,1,Medium,28.4,Normal,0,0,0,0,-0.42281082500851375,-0.32904210741509976
2026-03-25 17:44:11,live,,,1,Medium,28.4,Normal,0,0,0,0,-0.42281082500851375,-0.32904210741509976
2026-03-25 17:44:12,live,,,1,Medium,28.4,Normal,0,0,0,0,-0.42281082500851375,-0.32904210741509976
2026-03-25 17:44:13,live,,,1,Medium,28.4,Normal,0,0,0,0,-0.42281082500851375,-0.32904210741509976
2026-03-25 17:44:14,live,,,1,Medium,28.4,Normal,0,0,0,0,-0.42281082500851375,-0.32904210741509976
2026-03-25 17:44:16,live,,,1,Medium,28.4,Normal,0,0,0,0,-0.42281082500851375,-0.32904210741509976
2026-03-25 17:44:17,live,,,1,Medium,28.4,Normal,0,0,0,0,-0.42281082500851375,-0.32904210741509976
2026-03-25 17:44:18,live,,,1,Medium,28.4,Normal,0,0,0,0,-0.42281082500851375,-0.32904210741509976
2026-03-25 17:44:19,live,,,1,Medium,28.4,Normal,0,0,0,0,-0.42281082500851375,-0.32904210741509976
2026-03-25 17:44:20,live,,,1,Medium,28.4,Normal,0,0,0,0,-0.42281082500851375,-0.32904210741509976
2026-03-25 17:44:22,live,,,1,Medium,28.4,Normal,0,0,0,0,-0.42281082500851375,-0.32904210741509976
2026-03-25 17:44:23,live,,,1,Medium,28.4,Normal,0,0,0,0,-0.42281082500851375,-0.32904210741509976
2026-03-25 17:44:24,live,,,1,Medium,28.4,Normal,0,0,0,0,-0.42281082500851375,-0.32904210741509976
2026-03-25 17:44:26,live,,,1,Medium,28.4,Normal,0,0,0,0,-0.42281082500851375,-0.32904210741509976
2026-03-25 17:44:27,live,,,1,Medium,28.4,Normal,0,0,0,0,-0.42281082500851375,-0.32904210741509976
2026-03-25 17:44:28,live,,,1,Medium,28.4,Normal,0,0,0,0,-0.42281082500851375,-0.32904210741509976
2026-03-25 17:44:29,live,,,1,Medium,28.4,Normal,0,0,0,0,-0.42281082500851375,-0.32904210741509976
2026-03-25 17:44:30,live,,,1,Medium,28.4,Normal,0,0,0,0,-0.42281082500851375,-0.32904210741509976
2026-03-25 17:44:32,live,,,1,Medium,28.4,Normal,0,0,0,0,-0.42281082500851375,-0.32904210741509976
2026-03-25 17:44:33,live,,,1,Medium,28.4,Normal,0,0,0,0,-0.42281082500851375,-0.32904210741509976
2026-03-25 17:44:34,live,,,1,Medium,28.4,Normal,0,0,0,0,-0.42281082500851375,-0.32904210741509976
2026-03-25 17:44:35,live,,,1,Medium,28.4,Normal,0,0,0,0,-0.42281082500851375,-0.32904210741509976
2026-03-25 17:44:36,live,,,1,Medium,28.4,Normal,0,0,0,0,-0.42281082500851375,-0.32904210741509976
2026-03-25 17:44:38,live,,,1,Medium,28.4,Normal,0,0,0,0,-0.42281082500851375,-0.32904210741509976
2026-03-25 17:44:39,live,,,1,Medium,28.4,Normal,0,0,0,0,-0.42281082500851375,-0.32904210741509976
2026-03-25 17:44:40,live,,,1,Medium,28.4,Normal,0,0,0,0,-0.42281082500851375,-0.32904210741509976
2026-03-25 17:44:41,live,,,1,Medium,28.4,Normal,0,0,0,0,-0.42281082500851375,-0.32904210741509976
2026-03-25 17:44:42,live,,,1,Medium,28.4,Normal,0,0,0,0,-0.42281082500851375,-0.32904210741509976
2026-03-25 17:44:43,live,,,1,Medium,28.4,Normal,0,0,0,0,-0.42281082500851375,-0.32904210741509976
2026-03-25 17:44:44,live,,,1,Medium,28.4,Normal,0,0,0,0,-0.42281082500851375,-0.32904210741509976
2026-03-25 17:44:45,live,,,1,Medium,28.4,Normal,0,0,0,0,-0.42281082500851375,-0.32904210741509976
2026-03-25 17:44:47,live,,,1,Medium,28.4,Normal,0,0,0,0,-0.42281082500851375,-0.32904210741509976
2026-03-25 17:44:48,live,,,1,Medium,28.4,Normal,0,0,0,0,-0.42281082500851375,-0.32904210741509976
2026-03-25 17:44:49,live,,,1,Medium,28.4,Normal,0,0,0,0,-0.42281082500851375,-0.32904210741509976
2026-03-25 17:44:50,live,,,1,Medium,28.4,Normal,0,0,0,0,-0.42281082500851375,-0.32904210741509976
2026-03-25 17:44:51,live,,,1,Medium,28.4,Normal,0,0,0,0,-0.42281082500851375,-0.32904210741509976
2026-03-25 17:44:53,live,,,1,Medium,28.4,Normal,0,0,0,0,-0.42281082500851375,-0.32904210741509976
2026-03-25 17:44:54,live,,,1,Medium,28.4,Normal,0,0,0,0,-0.42281082500851375,-0.32904210741509976
2026-03-25 17:44:55,live,,,1,Medium,28.4,Normal,0,0,0,0,-0.42281082500851375,-0.32904210741509976
2026-03-25 17:44:57,live,,,1,Medium,28.4,Normal,0,0,0,0,-0.42281082500851375,-0.32904210741509976
2026-03-25 17:44:58,live,,,1,Medium,28.4,Normal,0,0,0,0,-0.42281082500851375,-0.32904210741509976
2026-03-25 17:44:59,live,,,1,Medium,28.4,Normal,0,0,0,0,-0.42281082500851375,-0.32904210741509976
2026-03-25 17:45:00,live,,,1,Medium,28.4,Normal,0,0,0,0,-0.42281082500851375,-0.32904210741509976
2026-03-25 17:45:02,live,,,1,Medium,28.4,Normal,0,0,0,0,-0.42281082500851375,-0.32904210741509976
2026-03-25 17:45:03,live,,,1,Medium,28.4,Normal,0,0,0,0,-0.42281082500851375,-0.32904210741509976
2026-03-25 17:45:04,live,,,1,Medium,28.4,Normal,0,0,0,0,-0.42281082500851375,-0.32904210741509976
2026-03-25 17:45:06,live,,,1,Medium,28.4,Normal,0,0,0,0,-0.42281082500851375,-0.32904210741509976
2026-03-25 17:45:07,live,,,1,Medium,28.4,Normal,0,0,0,0,-0.42281082500851375,-0.32904210741509976
2026-03-25 17:45:08,live,,,1,Medium,28.4,Normal,0,0,0,0,-0.42281082500851375,-0.32904210741509976
2026-03-25 17:45:09,live,,,1,Medium,28.4,Normal,0,0,0,0,-0.42281082500851375,-0.32904210741509976
2026-03-25 17:45:11,live,,,1,Medium,28.4,Normal,0,0,0,0,-0.42281082500851375,-0.32904210741509976
2026-03-25 17:45:12,live,,,1,Medium,28.4,Normal,0,0,0,0,-0.42281082500851375,-0.32904210741509976
2026-03-25 17:45:13,live,,,1,Medium,28.4,Normal,0,0,0,0,-0.42281082500851375,-0.32904210741509976
2026-03-25 17:45:14,live,,,1,Medium,28.4,Normal,0,0,0,0,-0.42281082500851375,-0.32904210741509976
2026-03-25 17:45:16,live,,,1,Medium,28.4,Normal,0,0,0,0,-0.42281082500851375,-0.32904210741509976
2026-03-25 17:45:17,live,,,1,Medium,28.4,Normal,0,0,0,0,-0.42281082500851375,-0.32904210741509976
2026-03-25 17:45:18,live,,,1,Medium,28.4,Normal,0,0,0,0,-0.42281082500851375,-0.32904210741509976
2026-03-25 17:45:19,live,,,1,Medium,28.4,Normal,0,0,0,0,-0.42281082500851375,-0.32904210741509976
2026-03-25 17:45:21,live,,,1,Medium,28.4,Normal,0,0,0,0,-0.42281082500851375,-0.32904210741509976
2026-03-25 17:45:22,live,,,1,Medium,28.4,Normal,0,0,0,0,-0.42281082500851375,-0.32904210741509976
2026-03-25 17:45:23,live,,,1,Medium,28.4,Normal,0,0,0,0,-0.42281082500851375,-0.32904210741509976
2026-03-25 17:45:25,live,,,1,Medium,28.4,Normal,0,0,0,0,-0.42281082500851375,-0.32904210741509976
2026-03-25 17:45:26,live,,,1,Medium,28.4,Normal,0,0,0,0,-0.42281082500851375,-0.32904210741509976
2026-03-25 17:45:27,live,,,1,Medium,28.4,Normal,0,0,0,0,-0.42281082500851375,-0.32904210741509976
2026-03-25 17:45:28,live,,,1,Medium,28.4,Normal,0,0,0,0,-0.42281082500851375,-0.32904210741509976
2026-03-25 17:45:29,live,,,1,Medium,28.4,Normal,0,0,0,0,-0.42281082500851375,-0.32904210741509976
2026-03-25 17:45:31,live,,,1,Medium,28.4,Normal,0,0,0,0,-0.42281082500851375,-0.32904210741509976
2026-03-25 17:45:32,live,,,1,Medium,28.4,Normal,0,0,0,0,-0.42281082500851375,-0.32904210741509976
2026-03-25 17:45:33,live,,,1,Medium,28.4,Normal,0,0,0,0,-0.42281082500851375,-0.32904210741509976
2026-03-25 17:45:34,live,,,1,Medium,28.4,Normal,0,0,0,0,-0.42281082500851375,-0.32904210741509976
2026-03-25 17:45:36,live,,,1,Medium,28.4,Normal,0,0,0,0,-0.42281082500851375,-0.32904210741509976
2026-03-25 17:45:37,live,,,1,Medium,28.4,Normal,0,0,0,0,-0.42281082500851375,-0.32904210741509976
2026-03-25 17:45:38,live,,,1,Medium,28.4,Normal,0,0,0,0,-0.42281082500851375,-0.32904210741509976
2026-03-25 17:45:39,live,,,1,Medium,28.4,Normal,0,0,0,0,-0.42281082500851375,-0.32904210741509976
2026-03-25 17:45:41,live,,,1,Medium,28.4,Normal,0,0,0,0,-0.42281082500851375,-0.32904210741509976
2026-03-25 17:45:42,live,,,1,Medium,28.4,Normal,0,0,0,0,-0.42281082500851375,-0.32904210741509976
2026-03-25 17:45:43,live,,,1,Medium,28.4,Normal,0,0,0,0,-0.42281082500851375,-0.32904210741509976
2026-03-25 17:45:44,live,,,1,Medium,28.4,Normal,0,0,0,0,-0.42281082500851375,-0.32904210741509976
2026-03-25 17:45:46,live,,,1,Medium,28.4,Normal,0,0,0,0,-0.42281082500851375,-0.32904210741509976
2026-03-25 17:45:47,live,,,1,Medium,28.4,Normal,0,0,0,0,-0.42281082500851375,-0.32904210741509976
2026-03-25 17:45:48,live,,,1,Medium,28.4,Normal,0,0,0,0,-0.42281082500851375,-0.32904210741509976
2026-03-25 17:45:49,live,,,1,Medium,28.4,Normal,0,0,0,0,-0.42281082500851375,-0.32904210741509976
2026-03-25 17:45:51,live,,,1,Medium,28.4,Normal,0,0,0,0,-0.42281082500851375,-0.32904210741509976
2026-03-25 17:45:52,live,,,1,Medium,28.4,Normal,0,0,0,0,-0.42281082500851375,-0.32904210741509976
2026-03-25 17:45:53,live,,,1,Medium,28.4,Normal,0,0,0,0,-0.42281082500851375,-0.32904210741509976
2026-03-25 17:45:54,live,,,1,Medium,28.4,Normal,0,0,0,0,-0.42281082500851375,-0.32904210741509976
2026-03-25 17:45:56,live,,,1,Medium,28.4,Normal,0,0,0,0,-0.42281082500851375,-0.32904210741509976
2026-03-25 17:45:57,live,,,1,Medium,28.4,Normal,0,0,0,0,-0.42281082500851375,-0.32904210741509976
2026-03-25 17:45:58,live,,,1,Medium,28.4,Normal,0,0,0,0,-0.42281082500851375,-0.32904210741509976
2026-03-25 17:45:59,live,,,1,Medium,28.4,Normal,0,0,0,0,-0.42281082500851375,-0.32904210741509976
2026-03-25 17:46:01,live,,,1,Medium,28.4,Normal,0,0,0,0,-0.42281082500851375,-0.32904210741509976
2026-03-25 17:46:02,live,,,1,Medium,28.4,Normal,0,0,0,0,-0.42281082500851375,-0.32904210741509976
2026-03-25 17:46:03,live,,,1,Medium,28.4,Normal,0,0,0,0,-0.42281082500851375,-0.32904210741509976
2026-03-25 17:46:05,live,,,1,Medium,28.4,Normal,0,0,0,0,-0.42281082500851375,-0.32904210741509976
2026-03-25 17:46:06,live,,,1,Medium,28.4,Normal,0,0,0,0,-0.42281082500851375,-0.32904210741509976
2026-03-25 17:46:07,live,,,1,Medium,28.4,Normal,0,0,0,0,-0.42281082500851375,-0.32904210741509976
2026-03-25 17:46:08,live,,,1,Medium,28.4,Normal,0,0,0,0,-0.42281082500851375,-0.32904210741509976
2026-03-25 17:46:09,live,,,1,Medium,28.4,Normal,0,0,0,0,-0.42281082500851375,-0.32904210741509976
2026-03-25 17:46:11,live,,,1,Medium,28.4,Normal,0,0,0,0,-0.42281082500851375,-0.32904210741509976
2026-03-25 17:46:12,live,,,1,Medium,28.4,Normal,0,0,0,0,-0.42281082500851375,-0.32904210741509976
2026-03-25 17:46:13,live,,,1,Medium,28.4,Normal,0,0,0,0,-0.42281082500851375,-0.32904210741509976
2026-03-25 17:46:15,live,,,1,Medium,28.4,Normal,0,0,0,0,-0.42281082500851375,-0.32904210741509976
2026-03-25 17:46:16,live,,,1,Medium,28.4,Normal,0,0,0,0,-0.42281082500851375,-0.32904210741509976
2026-03-25 17:46:17,live,,,1,Medium,28.4,Normal,0,0,0,0,-0.42281082500851375,-0.32904210741509976
2026-03-25 17:46:18,live,,,1,Medium,28.4,Normal,0,0,0,0,-0.42281082500851375,-0.32904210741509976
2026-03-25 17:46:20,live,,,1,Medium,28.4,Normal,0,0,0,0,-0.42281082500851375,-0.32904210741509976
2026-03-25 17:46:21,live,,,1,Medium,28.4,Normal,0,0,0,0,-0.42281082500851375,-0.32904210741509976
2026-03-25 17:46:22,live,,,1,Medium,28.4,Normal,0,0,0,0,-0.42281082500851375,-0.32904210741509976
2026-03-25 17:46:23,live,,,1,Medium,28.4,Normal,0,0,0,0,-0.42281082500851375,-0.32904210741509976
2026-03-25 17:46:24,live,,,1,Medium,28.4,Normal,0,0,0,0,-0.42281082500851375,-0.32904210741509976
2026-03-25 17:46:26,live,,,1,Medium,28.4,Normal,0,0,0,0,-0.42281082500851375,-0.32904210741509976
2026-03-25 17:46:27,live,,,1,Medium,28.4,Normal,0,0,0,0,-0.42281082500851375,-0.32904210741509976
2026-03-25 17:46:28,live,,,1,Medium,28.4,Normal,0,0,0,0,-0.42281082500851375,-0.32904210741509976
2026-03-25 17:46:30,live,,,1,Medium,28.4,Normal,0,0,0,0,-0.42281082500851375,-0.32904210741509976
2026-03-25 17:46:31,live,,,1,Medium,28.4,Normal,0,0,0,0,-0.42281082500851375,-0.32904210741509976
2026-03-25 17:46:32,live,,,1,Medium,28.4,Normal,0,0,0,0,-0.42281082500851375,-0.32904210741509976
2026-03-25 17:46:34,live,,,1,Medium,28.4,Normal,0,0,0,0,-0.42281082500851375,-0.32904210741509976
2026-03-25 17:46:35,live,,,1,Medium,28.4,Normal,0,0,0,0,-0.42281082500851375,-0.32904210741509976
2026-03-25 17:46:36,live,,,1,Medium,28.4,Normal,0,0,0,0,-0.42281082500851375,-0.32904210741509976
2026-03-25 17:46:37,live,,,1,Medium,28.4,Normal,0,0,0,0,-0.42281082500851375,-0.32904210741509976
2026-03-25 17:46:39,live,,,1,Medium,28.4,Normal,0,0,0,0,-0.42281082500851375,-0.32904210741509976
2026-03-25 17:46:40,live,,,1,Medium,28.4,Normal,0,0,0,0,-0.42281082500851375,-0.32904210741509976
2026-03-25 17:46:41,live,,,1,Medium,28.4,Normal,0,0,0,0,-0.42281082500851375,-0.32904210741509976
2026-03-25 17:46:42,live,,,1,Medium,28.4,Normal,0,0,0,0,-0.42281082500851375,-0.32904210741509976
2026-03-25 17:46:44,live,,,1,Medium,28.4,Normal,0,0,0,0,-0.42281082500851375,-0.32904210741509976
2026-03-25 17:46:45,live,,,1,Medium,28.4,Normal,0,0,0,0,-0.42281082500851375,-0.32904210741509976
2026-03-25 17:46:46,live,,,1,Medium,28.4,Normal,0,0,0,0,-0.42281082500851375,-0.32904210741509976
2026-03-25 17:46:47,live,,,1,Medium,28.4,Normal,0,0,0,0,-0.42281082500851375,-0.32904210741509976
2026-03-25 17:46:48,live,,,1,Medium,28.4,Normal,0,0,0,0,-0.42281082500851375,-0.32904210741509976
2026-03-25 17:46:50,live,,,1,Medium,28.4,Normal,0,0,0,0,-0.42281082500851375,-0.32904210741509976
2026-03-25 17:46:51,live,,,1,Medium,28.4,Normal,0,0,0,0,-0.42281082500851375,-0.32904210741509976
2026-03-25 17:46:52,live,,,1,Medium,28.4,Normal,0,0,0,0,-0.42281082500851375,-0.32904210741509976
2026-03-25 17:46:53,live,,,1,Medium,28.4,Normal,0,0,0,0,-0.42281082500851375,-0.32904210741509976
2026-03-25 17:46:55,live,,,1,Medium,28.4,Normal,0,0,0,0,-0.42281082500851375,-0.32904210741509976
2026-03-25 17:46:56,live,,,1,Medium,28.4,Normal,0,0,0,0,-0.42281082500851375,-0.32904210741509976
2026-03-25 17:46:57,live,,,1,Medium,28.4,Normal,0,0,0,0,-0.42281082500851375,-0.32904210741509976
2026-03-25 17:46:58,live,,,1,Medium,28.4,Normal,0,0,0,0,-0.42281082500851375,-0.32904210741509976
2026-03-25 17:47:00,live,,,1,Medium,28.4,Normal,0,0,0,0,-0.42281082500851375,-0.32904210741509976
2026-03-25 17:47:01,live,,,1,Medium,28.4,Normal,0,0,0,0,-0.42281082500851375,-0.32904210741509976
2026-03-25 17:47:02,live,,,1,Medium,28.4,Normal,0,0,0,0,-0.42281082500851375,-0.32904210741509976
2026-03-25 17:47:03,live,,,1,Medium,28.4,Normal,0,0,0,0,-0.42281082500851375,-0.32904210741509976
2026-03-25 17:47:04,live,,,1,Medium,28.4,Normal,0,0,0,0,-0.42281082500851375,-0.32904210741509976
2026-03-25 17:47:06,live,,,1,Medium,28.4,Normal,0,0,0,0,-0.42281082500851375,-0.32904210741509976
2026-03-25 17:47:07,live,,,1,Medium,28.4,Normal,0,0,0,0,-0.42281082500851375,-0.32904210741509976
2026-03-25 17:47:08,live,,,1,Medium,28.4,Normal,0,0,0,0,-0.42281082500851375,-0.32904210741509976
2026-03-25 17:47:09,live,,,1,Medium,28.4,Normal,0,0,0,0,-0.42281082500851375,-0.32904210741509976
2026-03-25 17:47:10,live,,,1,Medium,28.4,Normal,0,0,0,0,-0.42281082500851375,-0.32904210741509976
2026-03-25 17:47:11,live,,,1,Medium,28.4,Normal,0,0,0,0,-0.42281082500851375,-0.32904210741509976
2026-03-25 17:47:13,live,,,1,Medium,28.4,Normal,0,0,0,0,-0.42281082500851375,-0.32904210741509976
2026-03-25 17:47:14,live,,,1,Medium,28.4,Normal,0,0,0,0,-0.42281082500851375,-0.32904210741509976
2026-03-25 17:47:15,live,,,1,Medium,28.4,Normal,0,0,0,0,-0.42281082500851375,-0.32904210741509976
2026-03-25 17:47:16,live,,,1,Medium,28.4,Normal,0,0,0,0,-0.42281082500851375,-0.32904210741509976
2026-03-25 17:47:17,live,,,1,Medium,28.4,Normal,0,0,0,0,-0.42281082500851375,-0.32904210741509976
2026-03-25 17:47:19,live,,,1,Medium,28.4,Normal,0,0,0,0,-0.42281082500851375,-0.32904210741509976
2026-03-25 17:47:20,live,,,1,Medium,28.4,Normal,0,0,0,0,-0.42281082500851375,-0.32904210741509976
2026-03-25 17:47:21,live,,,1,Medium,28.4,Normal,0,0,0,0,-0.42281082500851375,-0.32904210741509976
2026-03-25 17:47:22,live,,,1,Medium,28.4,Normal,0,0,0,0,-0.42281082500851375,-0.32904210741509976
2026-03-25 17:47:23,live,,,1,Medium,28.4,Normal,0,0,0,0,-0.42281082500851375,-0.32904210741509976
2026-03-25 17:47:24,live,,,1,Medium,28.4,Normal,0,0,0,0,-0.42281082500851375,-0.32904210741509976
2026-03-25 17:47:25,live,,,1,Medium,28.4,Normal,0,0,0,0,-0.42281082500851375,-0.32904210741509976
2026-03-25 17:47:27,live,,,1,Medium,28.4,Normal,0,0,0,0,-0.42281082500851375,-0.32904210741509976
2026-03-25 17:47:28,live,,,1,Medium,28.4,Normal,0,0,0,0,-0.42281082500851375,-0.32904210741509976
2026-03-25 17:47:29,live,,,1,Medium,28.4,Normal,0,0,0,0,-0.42281082500851375,-0.32904210741509976
2026-03-25 17:47:30,live,,,1,Medium,28.4,Normal,0,0,0,0,-0.42281082500851375,-0.32904210741509976
2026-03-25 17:47:31,live,,,1,Medium,28.4,Normal,0,0,0,0,-0.42281082500851375,-0.32904210741509976
2026-03-25 17:47:33,live,,,1,Medium,28.4,Normal,0,0,0,0,-0.42281082500851375,-0.32904210741509976
2026-03-25 17:47:34,live,,,1,Medium,28.4,Normal,0,0,0,0,-0.42281082500851375,-0.32904210741509976
2026-03-25 17:47:35,live,,,1,Medium,28.4,Normal,0,0,0,0,-0.42281082500851375,-0.32904210741509976
2026-03-25 17:47:37,live,,,1,Medium,28.4,Normal,0,0,0,0,-0.42281082500851375,-0.32904210741509976
2026-03-25 17:47:38,live,,,1,Medium,28.4,Normal,0,0,0,0,-0.42281082500851375,-0.32904210741509976
2026-03-25 17:47:39,live,,,1,Medium,28.4,Normal,0,0,0,0,-0.42281082500851375,-0.32904210741509976
2026-03-25 17:47:40,live,,,1,Medium,28.4,Normal,0,0,0,0,-0.42281082500851375,-0.32904210741509976
2026-03-25 17:47:42,live,,,1,Medium,28.4,Normal,0,0,0,0,-0.42281082500851375,-0.32904210741509976
2026-03-25 17:47:43,live,,,1,Medium,28.4,Normal,0,0,0,0,-0.42281082500851375,-0.32904210741509976
2026-03-25 17:47:44,live,,,1,Medium,28.4,Normal,0,0,0,0,-0.42281082500851375,-0.32904210741509976
2026-03-25 17:47:46,live,,,1,Medium,28.4,Normal,0,0,0,0,-0.42281082500851375,-0.32904210741509976
2026-03-25 17:47:47,live,,,1,Medium,28.4,Normal,0,0,0,0,-0.42281082500851375,-0.32904210741509976
2026-03-25 17:47:48,live,,,1,Medium,28.4,Normal,0,0,0,0,-0.42281082500851375,-0.32904210741509976
2026-03-25 17:47:49,live,,,1,Medium,28.4,Normal,0,0,0,0,-0.42281082500851375,-0.32904210741509976
2026-03-25 17:47:50,live,,,1,Medium,28.4,Normal,0,0,0,0,-0.42281082500851375,-0.32904210741509976
2026-03-25 17:47:52,live,,,1,Medium,28.4,Normal,0,0,0,0,-0.42281082500851375,-0.32904210741509976
2026-03-25 17:47:53,live,,,1,Medium,28.4,Normal,0,0,0,0,-0.42281082500851375,-0.32904210741509976
2026-03-25 17:47:54,live,,,1,Medium,28.4,Normal,0,0,0,0,-0.42281082500851375,-0.32904210741509976
2026-03-25 17:47:55,live,,,1,Medium,28.4,Normal,0,0,0,0,-0.42281082500851375,-0.32904210741509976
2026-03-25 17:47:57,live,,,1,Medium,28.4,Normal,0,0,0,0,-0.42281082500851375,-0.32904210741509976
2026-03-25 17:47:58,live,,,1,Medium,28.4,Normal,0,0,0,0,-0.42281082500851375,-0.32904210741509976
2026-03-25 17:47:59,live,,,1,Medium,28.4,Normal,0,0,0,0,-0.42281082500851375,-0.32904210741509976
2026-03-25 17:48:01,live,,,1,Medium,28.4,Normal,0,0,0,0,-0.42281082500851375,-0.32904210741509976
2026-03-25 17:48:02,live,,,1,Medium,28.4,Normal,0,0,0,0,-0.42281082500851375,-0.32904210741509976
2026-03-25 17:48:03,live,,,1,Medium,28.4,Normal,0,0,0,0,-0.42281082500851375,-0.32904210741509976
2026-03-25 17:48:04,live,,,1,Medium,28.4,Normal,0,0,0,0,-0.42281082500851375,-0.32904210741509976
2026-03-25 17:48:06,live,,,1,Medium,28.4,Normal,0,0,0,0,-0.42281082500851375,-0.32904210741509976
2026-03-25 17:48:07,live,,,1,Medium,28.4,Normal,0,0,0,0,-0.42281082500851375,-0.32904210741509976
2026-03-25 17:48:08,live,,,1,Medium,28.4,Normal,0,0,0,0,-0.42281082500851375,-0.32904210741509976
2026-03-25 17:48:09,live,,,1,Medium,28.4,Normal,0,0,0,0,-0.42281082500851375,-0.32904210741509976
2026-03-25 17:48:10,live,,,1,Medium,28.4,Normal,0,0,0,0,-0.42281082500851375,-0.32904210741509976
2026-03-25 17:48:12,live,,,1,Medium,28.4,Normal,0,0,0,0,-0.42281082500851375,-0.32904210741509976
2026-03-25 17:48:13,live,,,1,Medium,28.4,Normal,0,0,0,0,-0.42281082500851375,-0.32904210741509976
2026-03-25 17:48:14,live,,,1,Medium,28.4,Normal,0,0,0,0,-0.42281082500851375,-0.32904210741509976
2026-03-25 17:48:15,live,,,1,Medium,28.4,Normal,0,0,0,0,-0.42281082500851375,-0.32904210741509976
2026-03-25 17:48:17,live,,,1,Medium,28.4,Normal,0,0,0,0,-0.42281082500851375,-0.32904210741509976
2026-03-25 17:48:17,live,,,1,Medium,28.4,Normal,0,0,0,0,-0.42281082500851375,-0.32904210741509976
2026-03-25 17:48:18,live,,,1,Medium,28.4,Normal,0,0,0,0,-0.42281082500851375,-0.32904210741509976
2026-03-25 17:48:18,live,,,1,Medium,28.4,Normal,0,0,0,0,-0.42281082500851375,-0.32904210741509976
2026-03-25 17:48:19,live,,,1,Medium,28.4,Normal,0,0,0,0,-0.42281082500851375,-0.32904210741509976
2026-03-25 17:48:20,live,,,1,Medium,28.4,Normal,0,0,0,0,-0.42281082500851375,-0.32904210741509976
2026-03-25 17:58:51,live,,,1,High,55.4,DoS — SYN Flood (Neptune),1,1,0,0,-0.67487607330814,-0.32904210741509976
2026-03-25 18:03:57,live,,,icmp,Medium,44.6,Unknown — Possible Zero-Day,0,1,0,0,-0.558180204986596,-0.527273612711073
2026-03-25 18:06:12,live,,,tcp,High,53.7,DoS — SYN Flood,1,1,0,0,-0.6145928482372387,-0.5439989707395441
2026-03-25 18:22:34,live,,,1,Medium,32.4,Normal,0,0,0,0,-0.4848582491795658,-0.32904210741509976
2026-03-25 18:23:50,live,,,icmp,Medium,44.1,Unknown — Possible Zero-Day,0,1,0,0,-0.5553330469394503,-0.4852824266132285
2026-03-25 18:24:43,live,,,tcp,High,53.5,DoS — SYN Flood,1,1,0,0,-0.6145928482372387,-0.5387489751789176
2026-03-25 18:28:49,live,,,tcp,High,62.7,DoS — SYN Flood (Neptune),1,1,0,1,-0.7256983446719272,-0.6033994086280726
2026-03-25 18:52:46,live,,,1,Medium,33.1,Normal,0,0,0,0,-0.48432617180864435,-0.32904210741509976
2026-03-25 18:54:18,live,,,icmp,Medium,44.6,Unknown — Possible Zero-Day,0,1,0,0,-0.558180204986596,-0.527273612711073
2026-03-25 18:55:26,live,,,tcp,High,53.7,DoS — SYN Flood,1,1,0,0,-0.6144046626096507,-0.5468377657536296
2026-03-25 18:55:33,live,,,tcp,High,54.8,Attack — Unclassified,1,1,0,0,-0.6200544615791289,-0.4059095928035182
2026-03-25 18:59:42,live,,,icmp,Medium,43.2,Unknown — Possible Zero-Day,0,1,0,0,-0.55270915018925,-0.46576156030518145
2026-03-25 19:11:51,live,,,1,High,53.2,DoS — UDP/Null Flood,1,1,0,0,-0.6201781464896315,-0.32904210741509976
2026-03-25 19:12:27,live,,,icmp,Medium,40.5,Unknown — Possible Zero-Day,0,1,0,0,-0.5479558577963789,-0.3602858748355591
2026-03-25 19:19:24,live,,,tcp,High,53.5,DoS — SYN Flood,1,1,0,0,-0.6145928482372387,-0.5394784890144092
2026-03-25 19:21:14,live,,,1,Low,24.9,Normal,0,0,0,0,-0.4075116277412137,-0.32904210741509976
2026-03-25 19:22:22,live,,,tcp,High,53.7,DoS — SYN Flood,1,1,0,0,-0.6144046626096507,-0.5468377657536296
2026-03-25 19:22:29,live,,,tcp,High,56.1,Attack — Unclassified,1,1,0,0,-0.6394559774301186,-0.36986696880555436
2026-03-25 19:23:36,live,,,1,High,55.9,DoS — SYN Flood (Neptune),1,1,0,0,-0.6735076268394855,-0.32904210741509976
2026-03-25 19:24:04,live,,,icmp,Medium,40.9,Unknown — Possible Zero-Day,0,1,0,0,-0.5500284868038613,-0.3800449494150158
2026-03-25 19:24:20,live,,,tcp,High,53.6,DoS — SYN Flood,1,1,0,0,-0.6145928482372387,-0.5404827743581502
2026-03-25 19:35:30,live,,,1,High,55.7,DoS — SYN Flood (Neptune),1,1,0,0,-0.675482278574141,-0.32904210741509976
2026-03-25 19:36:22,live,,,icmp,Medium,44.1,Unknown — Possible Zero-Day,0,1,0,0,-0.5514373401832965,-0.45605737948561276
2026-03-25 19:42:28,live,,,icmp,Medium,40.5,Unknown — Possible Zero-Day,0,1,0,0,-0.5479558577963789,-0.3602858748355591
2026-03-25 19:42:40,live,,,tcp,High,53.4,DoS — SYN Flood,1,1,0,0,-0.6145928482372387,-0.5439989707395441
2026-03-25 19:46:42,live,,,icmp,Medium,40.9,Unknown — Possible Zero-Day,0,1,0,0,-0.5500284868038613,-0.38211299606013555
2026-03-25 19:46:53,live,,,tcp,High,53.3,DoS — SYN Flood,1,1,0,0,-0.6145928482372387,-0.5404827743581502
2026-03-25 19:52:59,live,,,tcp,High,57.5,DoS — SYN Flood,1,1,0,0,-0.6380770501382834,-0.5404827743581502
2026-03-25 19:53:05,live,,,icmp,Medium,40.9,Unknown — Possible Zero-Day,0,1,0,0,-0.5500284868038613,-0.3800449494150158
2026-03-25 19:57:42,live,,,tcp,High,53.7,DoS — SYN Flood,1,1,0,0,-0.6145928482372387,-0.5468377657536296
2026-03-25 19:57:49,live,,,icmp,Medium,40.9,Unknown — Possible Zero-Day,0,1,0,0,-0.5500284868038613,-0.3800449494150158
2026-03-25 19:59:14,live,,,tcp,High,53.5,DoS — SYN Flood,1,1,0,0,-0.6145928482372387,-0.5394784890144092
2026-03-25 19:59:22,live,,,icmp,Medium,41.7,Unknown — Possible Zero-Day,0,1,0,0,-0.5500284868038613,-0.3983261329604003
2026-03-25 20:04:55,live,,,1,High,57.4,DoS — SYN Flood (Neptune),1,1,0,0,-0.6716689699498738,-0.32904210741509976
2026-03-25 20:05:37,live,,,icmp,Medium,40.5,Unknown — Possible Zero-Day,0,1,0,0,-0.5479558577963789,-0.3602858748355591
2026-03-25 20:05:48,live,,,tcp,High,53.7,DoS — SYN Flood,1,1,0,0,-0.6145928482372387,-0.5454525014604239
2026-03-25 20:56:09,live,,,1,High,56.2,DoS — SYN Flood (Neptune),1,1,0,0,-0.6716689699498738,-0.32904210741509976
2026-03-25 20:58:30,live,,,icmp,Medium,40.2,Unknown — Possible Zero-Day,0,1,0,0,-0.5471381012099199,-0.3602858748355591
2026-03-25 20:58:46,live,,,icmp,Medium,40.5,Unknown — Possible Zero-Day,0,1,0,0,-0.5479558577963789,-0.3602858748355591
